;;;;;;;"date_iso;time_berlin;symbol;price_eur;price_usd"
;;;;;;;"2025-08-13;12:44;GOMINING;0.44956885;0.52662640"
;;;;;;;
;;;;;;;
;;;;;;;
date_iso;time_berlin;symbol;price_eur222;price_eur;price_usd22;price_usd;"date_iso;time_berlin;symbol;price_eur;price_usd"
01.01.2024;00:00;BTC;40.004,04;40004,0369;44.152,23;44152,2269;"2024-01-01;00:00;BTC;40004,0369;44152,2269"
02.01.2024;00:00;BTC;41.100,20;41100,1973;44.977,04;44977,0381;"2024-01-02;00:00;BTC;41100,1973;44977,0381"
03.01.2024;00:00;BTC;39.199,10;39199,1005;42.830,90;42830,9042;"2024-01-03;00:00;BTC;39199,1005;42830,9042"
04.01.2024;00:00;BTC;40.405,01;40405,0054;44.230,16;44230,1626;"2024-01-04;00:00;BTC;40405,0054;44230,1626"
05.01.2024;00:00;BTC;40.297,26;40297,2623;44.144,45;44144,4513;"2024-01-05;00:00;BTC;40297,2623;44144,4513"
06.01.2024;00:00;BTC;40.121,55;40121,5495;43.951,96;43951,9631;"2024-01-06;00:00;BTC;40121,5495;43951,9631"
07.01.2024;00:00;BTC;40.112,00;40111,9974;43.881,75;43881,7466;"2024-01-07;00:00;BTC;40111,9974;43881,7466"
08.01.2024;00:00;BTC;42.869,26;42869,2619;46.944,00;46944,0012;"2024-01-08;00:00;BTC;42869,2619;46944,0012"
09.01.2024;00:00;BTC;42.162,65;42162,6534;46.088,42;46088,4188;"2024-01-09;00:00;BTC;42162,6534;46088,4188"
10.01.2024;00:00;BTC;42.470,41;42470,4079;46.608,19;46608,1898;"2024-01-10;00:00;BTC;42470,4079;46608,1898"
11.01.2024;00:00;BTC;42.254,28;42254,2789;46.393,10;46393,1002;"2024-01-11;00:00;BTC;42254,2789;46393,1002"
12.01.2024;00:00;BTC;39.126,11;39126,1072;42.897,86;42897,8585;"2024-01-12;00:00;BTC;39126,1072;42897,8585"
13.01.2024;00:00;BTC;39.072,18;39072,183;42.838,74;42838,736;"2024-01-13;00:00;BTC;39072,183;42838,736"
14.01.2024;00:00;BTC;38.161,44;38161,4369;41.769,44;41769,4393;"2024-01-14;00:00;BTC;38161,4369;41769,4393"
15.01.2024;00:00;BTC;38.904,86;38904,8643;42.582,92;42582,9215;"2024-01-15;00:00;BTC;38904,8643;42582,9215"
16.01.2024;00:00;BTC;39.666,46;39666,4624;43.152,49;43152,4934;"2024-01-16;00:00;BTC;39666,4624;43152,4934"
17.01.2024;00:00;BTC;39.258,06;39258,0557;42.730,93;42730,9262;"2024-01-17;00:00;BTC;39258,0557;42730,9262"
18.01.2024;00:00;BTC;37.931,25;37931,2539;41.261,24;41261,2425;"2024-01-18;00:00;BTC;37931,2539;41261,2425"
19.01.2024;00:00;BTC;38.158,05;38158,0493;41.609,56;41609,5625;"2024-01-19;00:00;BTC;38158,0493;41609,5625"
20.01.2024;00:00;BTC;38.193,96;38193,9574;41.648,72;41648,7187;"2024-01-20;00:00;BTC;38193,9574;41648,7187"
21.01.2024;00:00;BTC;38.135,27;38135,2681;41.535,76;41535,7592;"2024-01-21;00:00;BTC;38135,2681;41535,7592"
22.01.2024;00:00;BTC;36.266,56;36266,5572;39.450,40;39450,4019;"2024-01-22;00:00;BTC;36266,5572;39450,4019"
23.01.2024;00:00;BTC;36.682,82;36682,8209;39.827,35;39827,3494;"2024-01-23;00:00;BTC;36682,8209;39827,3494"
24.01.2024;00:00;BTC;36.860,08;36860,076;40.110,38;40110,3806;"2024-01-24;00:00;BTC;36860,076;40110,3806"
25.01.2024;00:00;BTC;36.808,88;36808,8782;39.928,14;39928,1447;"2024-01-25;00:00;BTC;36808,8782;39928,1447"
26.01.2024;00:00;BTC;38.545,63;38545,6267;41.874,34;41874,3439;"2024-01-26;00:00;BTC;38545,6267;41874,3439"
27.01.2024;00:00;BTC;38.767,36;38767,358;42.115,22;42115,2235;"2024-01-27;00:00;BTC;38767,358;42115,2235"
28.01.2024;00:00;BTC;38.756,20;38756,199;42.023,44;42023,4372;"2024-01-28;00:00;BTC;38756,199;42023,4372"
29.01.2024;00:00;BTC;39.927,43;39927,4252;43.260,52;43260,5184;"2024-01-29;00:00;BTC;39927,4252;43260,5184"
30.01.2024;00:00;BTC;39.576,19;39576,1925;42.911,95;42911,9532;"2024-01-30;00:00;BTC;39576,1925;42911,9532"
31.01.2024;00:00;BTC;39.405,21;39405,2055;42.584,57;42584,5695;"2024-01-31;00:00;BTC;39405,2055;42584,5695"
01.02.2024;00:00;BTC;39.608,37;39608,3727;43.071,73;43071,7272;"2024-02-01;00:00;BTC;39608,3727;43071,7272"
02.02.2024;00:00;BTC;39.980,59;39980,5857;43.173,25;43173,2474;"2024-02-02;00:00;BTC;39980,5857;43173,2474"
03.02.2024;00:00;BTC;39.799,81;39799,8145;42.978,04;42978,0406;"2024-02-03;00:00;BTC;39799,8145;42978,0406"
04.02.2024;00:00;BTC;39.499,73;39499,7296;42.576,94;42576,935;"2024-02-04;00:00;BTC;39499,7296;42576,935"
05.02.2024;00:00;BTC;39.710,97;39710,9729;42.657,59;42657,5884;"2024-02-05;00:00;BTC;39710,9729;42657,5884"
06.02.2024;00:00;BTC;40.068,69;40068,6934;43.100,23;43100,2346;"2024-02-06;00:00;BTC;40068,6934;43100,2346"
07.02.2024;00:00;BTC;41.111,41;41111,414;44.297,94;44297,9422;"2024-02-07;00:00;BTC;41111,414;44297,9422"
08.02.2024;00:00;BTC;42.054,52;42054,5195;45.316,98;45316,9795;"2024-02-08;00:00;BTC;42054,5195;45316,9795"
09.02.2024;00:00;BTC;43.688,95;43688,9491;47.116,69;47116,6882;"2024-02-09;00:00;BTC;43688,9491;47116,6882"
10.02.2024;00:00;BTC;44.294,68;44294,6786;47.769,94;47769,9419;"2024-02-10;00:00;BTC;44294,6786;47769,9419"
11.02.2024;00:00;BTC;44.705,70;44705,6997;48.273,24;48273,2367;"2024-02-11;00:00;BTC;44705,6997;48273,2367"
12.02.2024;00:00;BTC;46.439,84;46439,8408;50.026,87;50026,8672;"2024-02-12;00:00;BTC;46439,8408;50026,8672"
13.02.2024;00:00;BTC;46.443,81;46443,813;49.733,70;49733,6971;"2024-02-13;00:00;BTC;46443,813;49733,6971"
14.02.2024;00:00;BTC;48.280,78;48280,7839;51.812,14;51812,1442;"2024-02-14;00:00;BTC;48280,7839;51812,1442"
15.02.2024;00:00;BTC;48.197,44;48197,4397;51.928,89;51928,8942;"2024-02-15;00:00;BTC;48197,4397;51928,8942"
16.02.2024;00:00;BTC;48.406,53;48406,5254;52.167,26;52167,2634;"2024-02-16;00:00;BTC;48406,5254;52167,2634"
17.02.2024;00:00;BTC;47.971,88;47971,8751;51.698,84;51698,8448;"2024-02-17;00:00;BTC;47971,8751;51698,8448"
18.02.2024;00:00;BTC;48.326,69;48326,6871;52.120,82;52120,8223;"2024-02-18;00:00;BTC;48326,6871;52120,8223"
19.02.2024;00:00;BTC;48.033,83;48033,8329;51.755,97;51755,9668;"2024-02-19;00:00;BTC;48033,8329;51755,9668"
20.02.2024;00:00;BTC;48.372,22;48372,224;52.291,47;52291,4697;"2024-02-20;00:00;BTC;48372,224;52291,4697"
21.02.2024;00:00;BTC;47.942,94;47942,936;51.874,67;51874,6731;"2024-02-21;00:00;BTC;47942,936;51874,6731"
22.02.2024;00:00;BTC;47.387,02;47387,0218;51.298,26;51298,2575;"2024-02-22;00:00;BTC;47387,0218;51298,2575"
23.02.2024;00:00;BTC;46.868,37;46868,3724;50.770,05;50770,0508;"2024-02-23;00:00;BTC;46868,3724;50770,0508"
24.02.2024;00:00;BTC;47.594,91;47594,9119;51.557,07;51557,073;"2024-02-24;00:00;BTC;47594,9119;51557,073"
25.02.2024;00:00;BTC;47.819,00;47819,004;51.740,69;51740,6896;"2024-02-25;00:00;BTC;47819,004;51740,6896"
26.02.2024;00:00;BTC;50.235,66;50235,6622;54.508,24;54508,2358;"2024-02-26;00:00;BTC;50235,6622;54508,2358"
27.02.2024;00:00;BTC;52.619,14;52619,1376;57.052,70;57052,7032;"2024-02-27;00:00;BTC;52619,1376;57052,7032"
28.02.2024;00:00;BTC;57.709,68;57709,6806;62.547,68;62547,6812;"2024-02-28;00:00;BTC;57709,6806;62547,6812"
29.02.2024;00:00;BTC;56.729,35;56729,3466;61.296,29;61296,2878;"2024-02-29;00:00;BTC;56729,3466;61296,2878"
01.03.2024;00:00;BTC;57.615,58;57615,5751;62.486,39;62486,3891;"2024-03-01;00:00;BTC;57615,5751;62486,3891"
02.03.2024;00:00;BTC;57.187,50;57187,5032;62.022,13;62022,1281;"2024-03-02;00:00;BTC;57187,5032;62022,1281"
03.03.2024;00:00;BTC;58.238,76;58238,7553;63.141,30;63141,2982;"2024-03-03;00:00;BTC;58238,7553;63141,2982"
04.03.2024;00:00;BTC;62.933,69;62933,6888;68.310,40;68310,4004;"2024-03-04;00:00;BTC;62933,6888;68310,4004"
05.03.2024;00:00;BTC;58.842,01;58842,0122;63.880,39;63880,386;"2024-03-05;00:00;BTC;58842,0122;63880,386"
06.03.2024;00:00;BTC;60.674,95;60674,9484;66.125,98;66125,9772;"2024-03-06;00:00;BTC;60674,9484;66125,9772"
07.03.2024;00:00;BTC;61.184,49;61184,4947;66.996,44;66996,4355;"2024-03-07;00:00;BTC;61184,4947;66996,4355"
08.03.2024;00:00;BTC;62.457,18;62457,1767;68.350,04;68350,0441;"2024-03-08;00:00;BTC;62457,1767;68350,0441"
09.03.2024;00:00;BTC;62.604,43;62604,4266;68.511,19;68511,1871;"2024-03-09;00:00;BTC;62604,4266;68511,1871"
10.03.2024;00:00;BTC;63.045,22;63045,2212;68.989,04;68989,041;"2024-03-10;00:00;BTC;63045,2212;68989,041"
11.03.2024;00:00;BTC;65.969,29;65969,2866;72.106,09;72106,0919;"2024-03-11;00:00;BTC;65969,2866;72106,0919"
12.03.2024;00:00;BTC;65.407,69;65407,6902;71.475,30;71475,2999;"2024-03-12;00:00;BTC;65407,6902;71475,2999"
13.03.2024;00:00;BTC;66.775,38;66775,3847;73.135,30;73135,3039;"2024-03-13;00:00;BTC;66775,3847;73135,3039"
14.03.2024;00:00;BTC;65.609,88;65609,8788;71.405,90;71405,8953;"2024-03-14;00:00;BTC;65609,8788;71405,8953"
15.03.2024;00:00;BTC;63.832,08;63832,0821;69.514,93;69514,9274;"2024-03-15;00:00;BTC;63832,0821;69514,9274"
16.03.2024;00:00;BTC;59.965,90;59965,9037;65.304,55;65304,5507;"2024-03-16;00:00;BTC;59965,9037;65304,5507"
17.03.2024;00:00;BTC;62.882,30;62882,2967;68.436,84;68436,8356;"2024-03-17;00:00;BTC;62882,2967;68436,8356"
18.03.2024;00:00;BTC;62.352,03;62352,0307;67.730,27;67730,265;"2024-03-18;00:00;BTC;62352,0307;67730,265"
19.03.2024;00:00;BTC;56.921,28;56921,2791;61.839,16;61839,1621;"2024-03-19;00:00;BTC;56921,2791;61839,1621"
20.03.2024;00:00;BTC;62.140,79;62140,7921;67.960,90;67960,8952;"2024-03-20;00:00;BTC;62140,7921;67960,8952"
21.03.2024;00:00;BTC;60.269,63;60269,6299;65.464,36;65464,3577;"2024-03-21;00:00;BTC;60269,6299;65464,3577"
22.03.2024;00:00;BTC;58.551,46;58551,4591;63.577,24;63577,2399;"2024-03-22;00:00;BTC;58551,4591;63577,2399"
23.03.2024;00:00;BTC;58.955,04;58955,0401;64.015,46;64015,4624;"2024-03-23;00:00;BTC;58955,0401;64015,4624"
24.03.2024;00:00;BTC;62.222,77;62222,7686;67.249,54;67249,537;"2024-03-24;00:00;BTC;62222,7686;67249,537"
25.03.2024;00:00;BTC;64.518,98;64518,9782;69.925,32;69925,3246;"2024-03-25;00:00;BTC;64518,9782;69925,3246"
26.03.2024;00:00;BTC;64.658,44;64658,437;70.038,29;70038,288;"2024-03-26;00:00;BTC;64658,437;70038,288"
27.03.2024;00:00;BTC;64.322,13;64322,1325;69.552,18;69552,1781;"2024-03-27;00:00;BTC;64322,1325;69552,1781"
28.03.2024;00:00;BTC;65.542,39;65542,3928;70.730,24;70730,244;"2024-03-28;00:00;BTC;65542,3928;70730,244"
29.03.2024;00:00;BTC;64.711,54;64711,5431;69.889,14;69889,1403;"2024-03-29;00:00;BTC;64711,5431;69889,1403"
30.03.2024;00:00;BTC;64.529,17;64529,1697;69.692,18;69692,1751;"2024-03-30;00:00;BTC;64529,1697;69692,1751"
31.03.2024;00:00;BTC;66.038,67;66038,6731;71.277,57;71277,5749;"2024-03-31;00:00;BTC;66038,6731;71277,5749"
01.04.2024;00:00;BTC;64.942,61;64942,612;69.734,41;69734,4122;"2024-04-01;00:00;BTC;64942,612;69734,4122"
02.04.2024;00:00;BTC;60.784,69;60784,6909;65.452,08;65452,0786;"2024-04-02;00:00;BTC;60784,6909;65452,0786"
03.04.2024;00:00;BTC;60.972,21;60972,2077;66.087,30;66087,2985;"2024-04-03;00:00;BTC;60972,2077;66087,2985"
04.04.2024;00:00;BTC;63.162,24;63162,2424;68.455,87;68455,866;"2024-04-04;00:00;BTC;63162,2424;68455,866"
05.04.2024;00:00;BTC;62.616,68;62616,6778;67.899,24;67899,2385;"2024-04-05;00:00;BTC;62616,6778;67899,2385"
06.04.2024;00:00;BTC;63.598,52;63598,5189;68.963,91;68963,9112;"2024-04-06;00:00;BTC;63598,5189;68963,9112"
07.04.2024;00:00;BTC;64.076,81;64076,8129;69.393,01;69393,0115;"2024-04-07;00:00;BTC;64076,8129;69393,0115"
08.04.2024;00:00;BTC;65.937,02;65937,0163;71.627,30;71627,3042;"2024-04-08;00:00;BTC;65937,0163;71627,3042"
09.04.2024;00:00;BTC;63.686,33;63686,3295;69.154,52;69154,5153;"2024-04-09;00:00;BTC;63686,3295;69154,5153"
10.04.2024;00:00;BTC;65.755,41;65755,4109;70.621,59;70621,5916;"2024-04-10;00:00;BTC;65755,4109;70621,5916"
11.04.2024;00:00;BTC;65.369,04;65369,0441;70.116,49;70116,4915;"2024-04-11;00:00;BTC;65369,0441;70116,4915"
12.04.2024;00:00;BTC;63.066,30;63066,304;67.216,95;67216,9507;"2024-04-12;00:00;BTC;63066,304;67216,9507"
13.04.2024;00:00;BTC;60.231,49;60231,4945;64.195,57;64195,571;"2024-04-13;00:00;BTC;60231,4945;64195,571"
14.04.2024;00:00;BTC;61.665,75;61665,7454;65.662,98;65662,9792;"2024-04-14;00:00;BTC;61665,7454;65662,9792"
15.04.2024;00:00;BTC;59.723,53;59723,5274;63.469,50;63469,4971;"2024-04-15;00:00;BTC;59723,5274;63469,4971"
16.04.2024;00:00;BTC;60.001,01;60001,0092;63.724,29;63724,2922;"2024-04-16;00:00;BTC;60001,0092;63724,2922"
17.04.2024;00:00;BTC;57.433,70;57433,7023;61.281,96;61281,9645;"2024-04-17;00:00;BTC;57433,7023;61281,9645"
18.04.2024;00:00;BTC;59.645,24;59645,2404;63.485,41;63485,4093;"2024-04-18;00:00;BTC;59645,2404;63485,4093"
19.04.2024;00:00;BTC;59.986,56;59986,5574;63.960,69;63960,691;"2024-04-19;00:00;BTC;59986,5574;63960,691"
20.04.2024;00:00;BTC;60.889,79;60889,788;64.923,76;64923,761;"2024-04-20;00:00;BTC;60889,788;64923,761"
21.04.2024;00:00;BTC;60.954,02;60954,0162;64.965,02;64965,0216;"2024-04-21;00:00;BTC;60954,0162;64965,0216"
22.04.2024;00:00;BTC;62.734,02;62734,0206;66.833,09;66833,0948;"2024-04-22;00:00;BTC;62734,0206;66833,0948"
23.04.2024;00:00;BTC;62.037,32;62037,3225;66.398,01;66398,0119;"2024-04-23;00:00;BTC;62037,3225;66398,0119"
24.04.2024;00:00;BTC;60.070,13;60070,1344;64.267,78;64267,7848;"2024-04-24;00:00;BTC;60070,1344;64267,7848"
25.04.2024;00:00;BTC;60.133,33;60133,3265;64.509,80;64509,8003;"2024-04-25;00:00;BTC;60133,3265;64509,8003"
26.04.2024;00:00;BTC;59.638,31;59638,3084;63.780,19;63780,1942;"2024-04-26;00:00;BTC;59638,3084;63780,1942"
27.04.2024;00:00;BTC;59.352,59;59352,5853;63.486,51;63486,5093;"2024-04-27;00:00;BTC;59352,5853;63486,5093"
28.04.2024;00:00;BTC;58.914,71;58914,7127;63.076,64;63076,6353;"2024-04-28;00:00;BTC;58914,7127;63076,6353"
29.04.2024;00:00;BTC;59.566,42;59566,4213;63.830,83;63830,8315;"2024-04-29;00:00;BTC;59566,4213;63830,8315"
30.04.2024;00:00;BTC;56.938,13;56938,1254;60.734,71;60734,713;"2024-04-30;00:00;BTC;56938,1254;60734,713"
01.05.2024;00:00;BTC;54.390,62;54390,6236;58.295,18;58295,1762;"2024-05-01;00:00;BTC;54390,6236;58295,1762"
02.05.2024;00:00;BTC;55.107,20;55107,1975;59.132,40;59132,3991;"2024-05-02;00:00;BTC;55107,1975;59132,3991"
03.05.2024;00:00;BTC;58.394,38;58394,3772;62.880,93;62880,9317;"2024-05-03;00:00;BTC;58394,3772;62880,9317"
04.05.2024;00:00;BTC;59.321,23;59321,2264;63.878,99;63878,9926;"2024-05-04;00:00;BTC;59321,2264;63878,9926"
05.05.2024;00:00;BTC;59.546,11;59546,1146;64.072,86;64072,8624;"2024-05-05;00:00;BTC;59546,1146;64072,8624"
06.05.2024;00:00;BTC;58.681,63;58681,6346;63.203,05;63203,0547;"2024-05-06;00:00;BTC;58681,6346;63203,0547"
07.05.2024;00:00;BTC;57.994,78;57994,7847;62.359,98;62359,9835;"2024-05-07;00:00;BTC;57994,7847;62359,9835"
08.05.2024;00:00;BTC;56.931,32;56931,3164;61.180,94;61180,9448;"2024-05-08;00:00;BTC;56931,3164;61180,9448"
09.05.2024;00:00;BTC;58.516,04;58516,0375;63.094,08;63094,0809;"2024-05-09;00:00;BTC;58516,0375;63094,0809"
10.05.2024;00:00;BTC;56.393,64;56393,6422;60.785,39;60785,3864;"2024-05-10;00:00;BTC;56393,6422;60785,3864"
11.05.2024;00:00;BTC;56.386,65;56386,6496;60.777,85;60777,8492;"2024-05-11;00:00;BTC;56386,6496;60777,8492"
12.05.2024;00:00;BTC;57.079,40;57079,4009;61.478,16;61478,1635;"2024-05-12;00:00;BTC;57079,4009;61478,1635"
13.05.2024;00:00;BTC;58.269,65;58269,6536;62.894,27;62894,2692;"2024-05-13;00:00;BTC;58269,6536;62894,2692"
14.05.2024;00:00;BTC;56.933,57;56933,5735;61.574,31;61574,3057;"2024-05-14;00:00;BTC;56933,5735;61574,3057"
15.05.2024;00:00;BTC;60.815,82;60815,8243;66.226,03;66226,0272;"2024-05-15;00:00;BTC;60815,8243;66226,0272"
16.05.2024;00:00;BTC;60.050,69;60050,6862;65.259,43;65259,4331;"2024-05-16;00:00;BTC;60050,6862;65259,4331"
17.05.2024;00:00;BTC;61.602,66;61602,6558;67.021,33;67021,3304;"2024-05-17;00:00;BTC;61602,6558;67021,3304"
18.05.2024;00:00;BTC;61.526,73;61526,7294;66.938,73;66938,7254;"2024-05-18;00:00;BTC;61526,7294;66938,7254"
19.05.2024;00:00;BTC;60.988,15;60988,1516;66.309,34;66309,3438;"2024-05-19;00:00;BTC;60988,1516;66309,3438"
20.05.2024;00:00;BTC;65.738,81;65738,8074;71.396,25;71396,2459;"2024-05-20;00:00;BTC;65738,8074;71396,2459"
21.05.2024;00:00;BTC;64.610,63;64610,6275;70.157,41;70157,4129;"2024-05-21;00:00;BTC;64610,6275;70157,4129"
22.05.2024;00:00;BTC;63.886,25;63886,2547;69.153,84;69153,8411;"2024-05-22;00:00;BTC;63886,2547;69153,8411"
23.05.2024;00:00;BTC;62.790,12;62790,1226;67.901,11;67901,1068;"2024-05-23;00:00;BTC;62790,1226;67901,1068"
24.05.2024;00:00;BTC;63.148,51;63148,5062;68.538,21;68538,2143;"2024-05-24;00:00;BTC;63148,5062;68538,2143"
25.05.2024;00:00;BTC;63.860,90;63860,8975;69.279,53;69279,5264;"2024-05-25;00:00;BTC;63860,8975;69279,5264"
26.05.2024;00:00;BTC;63.160,57;63160,5681;68.513,46;68513,4558;"2024-05-26;00:00;BTC;63160,5681;68513,4558"
27.05.2024;00:00;BTC;63.888,86;63888,8599;69.385,74;69385,7367;"2024-05-27;00:00;BTC;63888,8599;69385,7367"
28.05.2024;00:00;BTC;62.927,23;62927,2325;68.291,16;68291,1618;"2024-05-28;00:00;BTC;62927,2325;68291,1618"
29.05.2024;00:00;BTC;62.563,67;62563,6662;67.573,79;67573,7897;"2024-05-29;00:00;BTC;62563,6662;67573,7897"
30.05.2024;00:00;BTC;63.109,79;63109,7931;68.363,68;68363,6786;"2024-05-30;00:00;BTC;63109,7931;68363,6786"
31.05.2024;00:00;BTC;62.170,97;62170,9657;67.502,15;67502,1506;"2024-05-31;00:00;BTC;62170,9657;67502,1506"
01.06.2024;00:00;BTC;62.363,69;62363,6864;67.705,15;67705,1487;"2024-06-01;00:00;BTC;62363,6864;67705,1487"
02.06.2024;00:00;BTC;62.420,03;62420,0267;67.753,81;67753,8099;"2024-06-02;00:00;BTC;62420,0267;67753,8099"
03.06.2024;00:00;BTC;63.075,33;63075,3276;68.799,07;68799,0659;"2024-06-03;00:00;BTC;63075,3276;68799,0659"
04.06.2024;00:00;BTC;64.903,87;64903,8727;70.619,77;70619,766;"2024-06-04;00:00;BTC;64903,8727;70619,766"
05.06.2024;00:00;BTC;65.410,35;65410,3522;71.127,51;71127,5104;"2024-06-05;00:00;BTC;65410,3522;71127,5104"
06.06.2024;00:00;BTC;64.967,87;64967,8664;70.763,62;70763,6191;"2024-06-06;00:00;BTC;64967,8664;70763,6191"
07.06.2024;00:00;BTC;64.163,56;64163,5607;69.343,52;69343,5218;"2024-06-07;00:00;BTC;64163,5607;69343,5218"
08.06.2024;00:00;BTC;64.130,09;64130,0931;69.307,35;69307,3523;"2024-06-08;00:00;BTC;64130,0931;69307,3523"
09.06.2024;00:00;BTC;64.614,80;64614,7984;69.646,03;69646,0274;"2024-06-09;00:00;BTC;64614,7984;69646,0274"
10.06.2024;00:00;BTC;64.553,85;64553,8501;69.482,52;69482,5234;"2024-06-10;00:00;BTC;64553,8501;69482,5234"
11.06.2024;00:00;BTC;62.677,92;62677,9204;67.319,61;67319,6073;"2024-06-11;00:00;BTC;62677,9204;67319,6073"
12.06.2024;00:00;BTC;63.102,94;63102,9388;68.237,54;68237,5407;"2024-06-12;00:00;BTC;63102,9388;68237,5407"
13.06.2024;00:00;BTC;62.157,22;62157,2212;66.748,45;66748,4464;"2024-06-13;00:00;BTC;62157,2212;66748,4464"
14.06.2024;00:00;BTC;61.568,26;61568,2558;66.017,22;66017,2224;"2024-06-14;00:00;BTC;61568,2558;66017,2224"
15.06.2024;00:00;BTC;61.757,30;61757,3044;66.188,42;66188,4206;"2024-06-15;00:00;BTC;61757,3044;66188,4206"
16.06.2024;00:00;BTC;62.250,95;62250,948;66.625,94;66625,9403;"2024-06-16;00:00;BTC;62250,948;66625,9403"
17.06.2024;00:00;BTC;61.905,46;61905,46;66.492,80;66492,7982;"2024-06-17;00:00;BTC;61905,46;66492,7982"
18.06.2024;00:00;BTC;60.623,93;60623,9257;65.116,51;65116,509;"2024-06-18;00:00;BTC;60623,9257;65116,509"
19.06.2024;00:00;BTC;60.421,47;60421,4745;64.937,77;64937,7662;"2024-06-19;00:00;BTC;60421,4745;64937,7662"
20.06.2024;00:00;BTC;60.578,11;60578,1149;64.855,25;64855,254;"2024-06-20;00:00;BTC;60578,1149;64855,254"
21.06.2024;00:00;BTC;59.919,68;59919,6828;64.066,11;64066,1052;"2024-06-21;00:00;BTC;59919,6828;64066,1052"
22.06.2024;00:00;BTC;60.093,52;60093,522;64.255,00;64254,9969;"2024-06-22;00:00;BTC;60093,522;64254,9969"
23.06.2024;00:00;BTC;59.147,22;59147,2179;63.216,66;63216,6642;"2024-06-23;00:00;BTC;59147,2179;63216,6642"
24.06.2024;00:00;BTC;56.203,01;56203,0075;60.322,10;60322,1023;"2024-06-24;00:00;BTC;56203,0075;60322,1023"
25.06.2024;00:00;BTC;57.707,35;57707,3452;61.802,37;61802,3702;"2024-06-25;00:00;BTC;57707,3452;61802,3702"
26.06.2024;00:00;BTC;56.897,45;56897,4499;60.765,80;60765,8008;"2024-06-26;00:00;BTC;56897,4499;60765,8008"
27.06.2024;00:00;BTC;57.493,54;57493,5361;61.565,21;61565,2131;"2024-06-27;00:00;BTC;57493,5361;61565,2131"
28.06.2024;00:00;BTC;56.250,96;56250,9551;60.301,98;60301,9819;"2024-06-28;00:00;BTC;56250,9551;60301,9819"
29.06.2024;00:00;BTC;56.781,83;56781,8281;60.871,09;60871,0868;"2024-06-29;00:00;BTC;56781,8281;60871,0868"
30.06.2024;00:00;BTC;58.444,78;58444,7835;62.743,40;62743,3963;"2024-06-30;00:00;BTC;58444,7835;62743,3963"
01.07.2024;00:00;BTC;58.517,94;58517,9434;62.833,07;62833,0671;"2024-07-01;00:00;BTC;58517,9434;62833,0671"
02.07.2024;00:00;BTC;57.705,75;57705,7508;62.025,85;62025,8513;"2024-07-02;00:00;BTC;57705,7508;62025,8513"
03.07.2024;00:00;BTC;55.821,07;55821,0739;60.232,05;60232,0474;"2024-07-03;00:00;BTC;55821,0739;60232,0474"
04.07.2024;00:00;BTC;52.881,71;52881,7053;57.170,34;57170,3383;"2024-07-04;00:00;BTC;52881,7053;57170,3383"
05.07.2024;00:00;BTC;52.279,93;52279,9292;56.709,76;56709,755;"2024-07-05;00:00;BTC;52279,9292;56709,755"
06.07.2024;00:00;BTC;53.722,30;53722,3028;58.237,64;58237,6419;"2024-07-06;00:00;BTC;53722,3028;58237,6419"
07.07.2024;00:00;BTC;51.664,60;51664,5985;55.939,86;55939,8581;"2024-07-07;00:00;BTC;51664,5985;55939,8581"
08.07.2024;00:00;BTC;52.327,55;52327,5454;56.676,99;56676,9947;"2024-07-08;00:00;BTC;52327,5454;56676,9947"
09.07.2024;00:00;BTC;53.626,80;53626,7982;57.994,35;57994,3529;"2024-07-09;00:00;BTC;53626,7982;57994,3529"
10.07.2024;00:00;BTC;53.280,71;53280,7124;57.714,45;57714,452;"2024-07-10;00:00;BTC;53280,7124;57714,452"
11.07.2024;00:00;BTC;52.764,45;52764,4462;57.373,18;57373,1761;"2024-07-11;00:00;BTC;52764,4462;57373,1761"
12.07.2024;00:00;BTC;53.021,36;53021,3558;57.907,28;57907,2827;"2024-07-12;00:00;BTC;53021,3558;57907,2827"
13.07.2024;00:00;BTC;54.232,87;54232,8667;59.225,00;59225,0012;"2024-07-13;00:00;BTC;54232,8667;59225,0012"
14.07.2024;00:00;BTC;55.992,32;55992,3217;60.951,52;60951,5202;"2024-07-14;00:00;BTC;55992,3217;60951,5202"
15.07.2024;00:00;BTC;59.488,88;59488,8752;64.831,86;64831,8635;"2024-07-15;00:00;BTC;59488,8752;64831,8635"
16.07.2024;00:00;BTC;59.766,28;59766,2849;65.172,12;65172,1165;"2024-07-16;00:00;BTC;59766,2849;65172,1165"
17.07.2024;00:00;BTC;58.729,31;58729,312;64.258,71;64258,7098;"2024-07-17;00:00;BTC;58729,312;64258,7098"
18.07.2024;00:00;BTC;58.668,96;58668,9618;63.959,43;63959,4301;"2024-07-18;00:00;BTC;58668,9618;63959,4301"
19.07.2024;00:00;BTC;61.240,22;61240,2187;66.706,55;66706,5539;"2024-07-19;00:00;BTC;61240,2187;66706,5539"
20.07.2024;00:00;BTC;61.684,70;61684,7032;67.183,91;67183,9076;"2024-07-20;00:00;BTC;61684,7032;67183,9076"
21.07.2024;00:00;BTC;62.486,54;62486,5405;68.116,73;68116,7287;"2024-07-21;00:00;BTC;62486,5405;68116,7287"
22.07.2024;00:00;BTC;62.068,07;62068,0694;67.589,45;67589,4517;"2024-07-22;00:00;BTC;62068,0694;67589,4517"
23.07.2024;00:00;BTC;60.756,31;60756,307;65.924,81;65924,8123;"2024-07-23;00:00;BTC;60756,307;65924,8123"
24.07.2024;00:00;BTC;60.342,50;60342,5006;65.404,62;65404,6221;"2024-07-24;00:00;BTC;60342,5006;65404,6221"
25.07.2024;00:00;BTC;60.593,18;60593,1752;65.752,37;65752,3691;"2024-07-25;00:00;BTC;60593,1752;65752,3691"
26.07.2024;00:00;BTC;62.466,63;62466,6304;67.916,89;67916,8932;"2024-07-26;00:00;BTC;62466,6304;67916,8932"
27.07.2024;00:00;BTC;62.575,14;62575,1399;68.028,58;68028,5832;"2024-07-27;00:00;BTC;62575,1399;68028,5832"
28.07.2024;00:00;BTC;62.864,29;62864,2903;68.232,70;68232,7029;"2024-07-28;00:00;BTC;62864,2903;68232,7029"
29.07.2024;00:00;BTC;61.783,69;61783,6888;66.850,99;66850,9942;"2024-07-29;00:00;BTC;61783,6888;66850,9942"
30.07.2024;00:00;BTC;61.216,90;61216,9004;66.219,52;66219,5203;"2024-07-30;00:00;BTC;61216,9004;66219,5203"
31.07.2024;00:00;BTC;59.738,80;59738,8013;64.664,00;64663,9995;"2024-07-31;00:00;BTC;59738,8013;64663,9995"
01.08.2024;00:00;BTC;60.594,42;60594,4179;65.365,44;65365,4415;"2024-08-01;00:00;BTC;60594,4179;65365,4415"
02.08.2024;00:00;BTC;56.209,96;56209,9595;61.384,09;61384,0855;"2024-08-02;00:00;BTC;56209,9595;61384,0855"
03.08.2024;00:00;BTC;55.620,55;55620,5528;60.718,14;60718,1447;"2024-08-03;00:00;BTC;55620,5528;60718,1447"
04.08.2024;00:00;BTC;53.224,12;53224,1154;58.066,45;58066,4509;"2024-08-04;00:00;BTC;53224,1154;58066,4509"
05.08.2024;00:00;BTC;49.319,94;49319,9384;54.009,41;54009,4137;"2024-08-05;00:00;BTC;49319,9384;54009,4137"
06.08.2024;00:00;BTC;51.262,60;51262,5955;56.003,88;56003,8844;"2024-08-06;00:00;BTC;51262,5955;56003,8844"
07.08.2024;00:00;BTC;50.370,82;50370,8224;55.053,51;55053,5087;"2024-08-07;00:00;BTC;50370,8224;55053,5087"
08.08.2024;00:00;BTC;56.647,06;56647,0604;61.829,89;61829,889;"2024-08-08;00:00;BTC;56647,0604;61829,889"
09.08.2024;00:00;BTC;55.725,31;55725,3117;60.873,04;60873,0404;"2024-08-09;00:00;BTC;55725,3117;60873,0404"
10.08.2024;00:00;BTC;55.717,07;55717,0731;60.873,68;60873,6828;"2024-08-10;00:00;BTC;55717,0731;60873,6828"
11.08.2024;00:00;BTC;53.904,90;53904,8962;58.829,26;58829,2581;"2024-08-11;00:00;BTC;53904,8962;58829,2581"
12.08.2024;00:00;BTC;54.265,11;54265,1055;59.342,12;59342,1207;"2024-08-12;00:00;BTC;54265,1055;59342,1207"
13.08.2024;00:00;BTC;55.108,80;55108,803;60.595,35;60595,3482;"2024-08-13;00:00;BTC;55108,803;60595,3482"
14.08.2024;00:00;BTC;53.387,64;53387,6392;58.787,44;58787,4421;"2024-08-14;00:00;BTC;53387,6392;58787,4421"
15.08.2024;00:00;BTC;52.488,82;52488,8227;57.603,87;57603,8739;"2024-08-15;00:00;BTC;52488,8227;57603,8739"
16.08.2024;00:00;BTC;53.418,01;53418,0113;58.928,08;58928,0816;"2024-08-16;00:00;BTC;53418,0113;58928,0816"
17.08.2024;00:00;BTC;53.871,34;53871,3401;59.428,17;59428,1713;"2024-08-17;00:00;BTC;53871,3401;59428,1713"
18.08.2024;00:00;BTC;53.020,68;53020,6787;58.453,65;58453,6535;"2024-08-18;00:00;BTC;53020,6787;58453,6535"
19.08.2024;00:00;BTC;53.737,85;53737,8471;59.569,72;59569,723;"2024-08-19;00:00;BTC;53737,8471;59569,723"
20.08.2024;00:00;BTC;53.080,41;53080,4053;59.065,78;59065,7767;"2024-08-20;00:00;BTC;53080,4053;59065,7767"
21.08.2024;00:00;BTC;54.829,19;54829,1942;61.164,69;61164,6944;"2024-08-21;00:00;BTC;54829,1942;61164,6944"
22.08.2024;00:00;BTC;54.317,63;54317,6343;60.388,15;60388,1534;"2024-08-22;00:00;BTC;54317,6343;60388,1534"
23.08.2024;00:00;BTC;57.159,23;57159,227;64.033,19;64033,19;"2024-08-23;00:00;BTC;57159,227;64033,19"
24.08.2024;00:00;BTC;57.285,99;57285,9887;64.120,17;64120,1732;"2024-08-24;00:00;BTC;57285,9887;64120,1732"
25.08.2024;00:00;BTC;57.458,83;57458,8291;64.279,39;64279,3862;"2024-08-25;00:00;BTC;57458,8291;64279,3862"
26.08.2024;00:00;BTC;56.292,55;56292,5479;62.853,44;62853,4416;"2024-08-26;00:00;BTC;56292,5479;62853,4416"
27.08.2024;00:00;BTC;53.247,59;53247,5889;59.517,52;59517,5217;"2024-08-27;00:00;BTC;53247,5889;59517,5217"
28.08.2024;00:00;BTC;53.059,60;53059,5974;59.024,82;59024,823;"2024-08-28;00:00;BTC;53059,5974;59024,823"
29.08.2024;00:00;BTC;53.576,12;53576,1233;59.364,13;59364,1255;"2024-08-29;00:00;BTC;53576,1233;59364,1255"
30.08.2024;00:00;BTC;53.458,20;53458,1989;59.130,73;59130,7279;"2024-08-30;00:00;BTC;53458,1989;59130,7279"
31.08.2024;00:00;BTC;53.317,33;53317,3342;58.971,65;58971,6543;"2024-08-31;00:00;BTC;53317,3342;58971,6543"
01.09.2024;00:00;BTC;51.867,11;51867,1051;57.290,70;57290,7012;"2024-09-01;00:00;BTC;51867,1051;57290,7012"
02.09.2024;00:00;BTC;53.400,60;53400,6041;59.099,38;59099,38;"2024-09-02;00:00;BTC;53400,6041;59099,38"
03.09.2024;00:00;BTC;52.030,13;52030,1329;57.486,84;57486,8414;"2024-09-03;00:00;BTC;52030,1329;57486,8414"
04.09.2024;00:00;BTC;52.321,46;52321,4629;57.978,74;57978,7383;"2024-09-04;00:00;BTC;52321,4629;57978,7383"
05.09.2024;00:00;BTC;50.508,05;50508,0515;56.120,74;56120,7432;"2024-09-05;00:00;BTC;50508,0515;56120,7432"
06.09.2024;00:00;BTC;48.614,99;48614,9931;53.914,82;53914,8199;"2024-09-06;00:00;BTC;48614,9931;53914,8199"
07.09.2024;00:00;BTC;48.849,24;48849,2379;54.174,60;54174,6012;"2024-09-07;00:00;BTC;48849,2379;54174,6012"
08.09.2024;00:00;BTC;49.451,85;49451,853;54.828,68;54828,6826;"2024-09-08;00:00;BTC;49451,853;54828,6826"
09.09.2024;00:00;BTC;51.731,39;51731,3864;57.089,52;57089,5237;"2024-09-09;00:00;BTC;51731,3864;57089,5237"
10.09.2024;00:00;BTC;52.288,30;52288,2975;57.620,31;57620,3079;"2024-09-10;00:00;BTC;52288,2975;57620,3079"
11.09.2024;00:00;BTC;52.117,65;52117,6496;57.384,14;57384,1361;"2024-09-11;00:00;BTC;52117,6496;57384,1361"
12.09.2024;00:00;BTC;52.464,72;52464,7191;58.121,32;58121,3183;"2024-09-12;00:00;BTC;52464,7191;58121,3183"
13.09.2024;00:00;BTC;54.677,81;54677,8061;60.623,99;60623,9888;"2024-09-13;00:00;BTC;54677,8061;60623,9888"
14.09.2024;00:00;BTC;54.140,69;54140,6924;60.001,45;60001,4544;"2024-09-14;00:00;BTC;54140,6924;60001,4544"
15.09.2024;00:00;BTC;53.400,68;53400,6827;59.207,19;59207,1911;"2024-09-15;00:00;BTC;53400,6827;59207,1911"
16.09.2024;00:00;BTC;52.309,86;52309,8644;58.213,01;58213,0133;"2024-09-16;00:00;BTC;52309,8644;58213,0133"
17.09.2024;00:00;BTC;54.211,02;54211,0217;60.304,89;60304,8913;"2024-09-17;00:00;BTC;54211,0217;60304,8913"
18.09.2024;00:00;BTC;55.372,45;55372,4495;61.533,76;61533,7637;"2024-09-18;00:00;BTC;55372,4495;61533,7637"
19.09.2024;00:00;BTC;56.434,47;56434,4677;62.974,64;62974,6355;"2024-09-19;00:00;BTC;56434,4677;62974,6355"
20.09.2024;00:00;BTC;56.482,37;56482,3741;63.121,85;63121,8454;"2024-09-20;00:00;BTC;56482,3741;63121,8454"
21.09.2024;00:00;BTC;56.756,40;56756,4009;63.399,74;63399,743;"2024-09-21;00:00;BTC;56756,4009;63399,743"
22.09.2024;00:00;BTC;56.950,23;56950,2328;63.570,67;63570,6734;"2024-09-22;00:00;BTC;56950,2328;63570,6734"
23.09.2024;00:00;BTC;56.989,88;56989,8843;63.327,51;63327,5117;"2024-09-23;00:00;BTC;56989,8843;63327,5117"
24.09.2024;00:00;BTC;57.492,89;57492,8942;64.333,11;64333,1124;"2024-09-24;00:00;BTC;57492,8942;64333,1124"
25.09.2024;00:00;BTC;56.716,55;56716,5478;63.128,65;63128,6512;"2024-09-25;00:00;BTC;56716,5478;63128,6512"
26.09.2024;00:00;BTC;58.291,53;58291,5299;65.145,63;65145,6322;"2024-09-26;00:00;BTC;58291,5299;65145,6322"
27.09.2024;00:00;BTC;58.901,19;58901,1899;65.801,46;65801,4601;"2024-09-27;00:00;BTC;58901,1899;65801,4601"
28.09.2024;00:00;BTC;59.006,95;59006,9453;65.919,60;65919,6046;"2024-09-28;00:00;BTC;59006,9453;65919,6046"
29.09.2024;00:00;BTC;58.782,82;58782,8203;65.653,53;65653,5276;"2024-09-29;00:00;BTC;58782,8203;65653,5276"
30.09.2024;00:00;BTC;56.832,41;56832,4059;63.293,89;63293,8892;"2024-09-30;00:00;BTC;56832,4059;63293,8892"
01.10.2024;00:00;BTC;55.042,20;55042,2011;60.899,99;60899,9882;"2024-10-01;00:00;BTC;55042,2011;60899,9882"
02.10.2024;00:00;BTC;54.906,87;54906,8721;60.656,97;60656,971;"2024-10-02;00:00;BTC;54906,8721;60656,971"
03.10.2024;00:00;BTC;55.040,62;55040,6226;60.740,51;60740,5123;"2024-10-03;00:00;BTC;55040,6226;60740,5123"
04.10.2024;00:00;BTC;56.545,86;56545,8588;62.090,20;62090,2036;"2024-10-04;00:00;BTC;56545,8588;62090,2036"
05.10.2024;00:00;BTC;56.530,08;56530,0804;62.081,33;62081,3309;"2024-10-05;00:00;BTC;56530,0804;62081,3309"
06.10.2024;00:00;BTC;57.254,18;57254,1812;62.806,94;62806,943;"2024-10-06;00:00;BTC;57254,1812;62806,943"
07.10.2024;00:00;BTC;56.786,53;56786,526;62.322,72;62322,7151;"2024-10-07;00:00;BTC;56786,526;62322,7151"
08.10.2024;00:00;BTC;56.636,79;56636,7879;62.162,68;62162,6769;"2024-10-08;00:00;BTC;56636,7879;62162,6769"
09.10.2024;00:00;BTC;55.377,25;55377,2537;60.591,19;60591,1858;"2024-10-09;00:00;BTC;55377,2537;60591,1858"
10.10.2024;00:00;BTC;55.090,15;55090,1472;60.232,83;60232,8259;"2024-10-10;00:00;BTC;55090,1472;60232,8259"
11.10.2024;00:00;BTC;57.019,36;57019,36;62.396,91;62396,9132;"2024-10-11;00:00;BTC;57019,36;62396,9132"
12.10.2024;00:00;BTC;57.752,49;57752,4911;63.199,19;63199,1866;"2024-10-12;00:00;BTC;57752,4911;63199,1866"
13.10.2024;00:00;BTC;57.444,16;57444,1618;62.858,68;62858,683;"2024-10-13;00:00;BTC;57444,1618;62858,683"
14.10.2024;00:00;BTC;60.566,42;60566,417;66.066,59;66066,593;"2024-10-14;00:00;BTC;60566,417;66066,593"
15.10.2024;00:00;BTC;61.536,09;61536,088;66.976,82;66976,8156;"2024-10-15;00:00;BTC;61536,088;66976,8156"
16.10.2024;00:00;BTC;62.292,75;62292,7534;67.644,96;67644,9578;"2024-10-16;00:00;BTC;62292,7534;67644,9578"
17.10.2024;00:00;BTC;62.174,14;62174,1434;67.333,72;67333,7248;"2024-10-17;00:00;BTC;62174,1434;67333,7248"
18.10.2024;00:00;BTC;62.948,08;62948,082;68.440,43;68440,4262;"2024-10-18;00:00;BTC;62948,082;68440,4262"
19.10.2024;00:00;BTC;62.883,22;62883,2199;68.369,90;68369,9047;"2024-10-19;00:00;BTC;62883,2199;68369,9047"
20.10.2024;00:00;BTC;63.437,83;63437,8343;68.937,61;68937,6077;"2024-10-20;00:00;BTC;63437,8343;68937,6077"
21.10.2024;00:00;BTC;62.320,22;62320,218;67.400,90;67400,8977;"2024-10-21;00:00;BTC;62320,218;67400,8977"
22.10.2024;00:00;BTC;62.377,17;62377,168;67.348,13;67348,1337;"2024-10-22;00:00;BTC;62377,168;67348,1337"
23.10.2024;00:00;BTC;61.859,05;61859,0521;66.681,60;66681,5987;"2024-10-23;00:00;BTC;61859,0521;66681,5987"
24.10.2024;00:00;BTC;62.974,81;62974,8078;68.190,12;68190,1249;"2024-10-24;00:00;BTC;62974,8078;68190,1249"
25.10.2024;00:00;BTC;61.571,87;61571,8718;66.501,35;66501,351;"2024-10-25;00:00;BTC;61571,8718;66501,351"
26.10.2024;00:00;BTC;62.066,55;62066,5509;67.018,16;67018,1551;"2024-10-26;00:00;BTC;62066,5509;67018,1551"
27.10.2024;00:00;BTC;62.935,21;62935,2063;67.943,97;67943,9676;"2024-10-27;00:00;BTC;62935,2063;67943,9676"
28.10.2024;00:00;BTC;64.578,49;64578,487;69.842,90;69842,8952;"2024-10-28;00:00;BTC;64578,487;69842,8952"
29.10.2024;00:00;BTC;67.238,12;67238,1163;72.748,29;72748,29;"2024-10-29;00:00;BTC;67238,1163;72748,29"
30.10.2024;00:00;BTC;66.622,93;66622,9266;72.345,77;72345,7661;"2024-10-30;00:00;BTC;66622,9266;72345,7661"
31.10.2024;00:00;BTC;64.541,72;64541,7193;70.251,02;70251,0197;"2024-10-31;00:00;BTC;64541,7193;70251,0197"
01.11.2024;00:00;BTC;63.939,80;63939,7973;69.505,75;69505,7481;"2024-11-01;00:00;BTC;63939,7973;69505,7481"
02.11.2024;00:00;BTC;63.727,71;63727,7094;69.300,66;69300,6607;"2024-11-02;00:00;BTC;63727,7094;69300,6607"
03.11.2024;00:00;BTC;63.285,60;63285,6049;68.823,94;68823,9359;"2024-11-03;00:00;BTC;63285,6049;68823,9359"
04.11.2024;00:00;BTC;62.318,65;62318,6483;67.762,78;67762,7776;"2024-11-04;00:00;BTC;62318,6483;67762,7776"
05.11.2024;00:00;BTC;63.433,38;63433,379;69.367,26;69367,2627;"2024-11-05;00:00;BTC;63433,379;69367,2627"
06.11.2024;00:00;BTC;70.461,75;70461,7475;75.630,41;75630,405;"2024-11-06;00:00;BTC;70461,7475;75630,405"
07.11.2024;00:00;BTC;70.368,59;70368,5929;75.988,64;75988,6364;"2024-11-07;00:00;BTC;70368,5929;75988,6364"
08.11.2024;00:00;BTC;71.380,36;71380,3585;76.544,76;76544,7567;"2024-11-08;00:00;BTC;71380,3585;76544,7567"
09.11.2024;00:00;BTC;71.565,95;71565,9541;76.708,00;76707,9981;"2024-11-09;00:00;BTC;71565,9541;76707,9981"
10.11.2024;00:00;BTC;75.061,11;75061,1131;80.424,63;80424,6318;"2024-11-10;00:00;BTC;75061,1131;80424,6318"
11.11.2024;00:00;BTC;83.187,95;83187,9536;88.688,22;88688,2196;"2024-11-11;00:00;BTC;83187,9536;88688,2196"
12.11.2024;00:00;BTC;83.072,48;83072,4785;88.223,59;88223,5892;"2024-11-12;00:00;BTC;83072,4785;88223,5892"
13.11.2024;00:00;BTC;85.629,31;85629,3105;90.445,54;90445,5353;"2024-11-13;00:00;BTC;85629,3105;90445,5353"
14.11.2024;00:00;BTC;82.982,10;82982,103;87.369,36;87369,3552;"2024-11-14;00:00;BTC;82982,103;87369,3552"
15.11.2024;00:00;BTC;86.254,14;86254,1371;90.959,28;90959,2786;"2024-11-15;00:00;BTC;86254,1371;90959,2786"
16.11.2024;00:00;BTC;85.885,96;85885,9567;90.562,42;90562,4189;"2024-11-16;00:00;BTC;85885,9567;90562,4189"
17.11.2024;00:00;BTC;85.259,23;85259,2302;89.804,79;89804,7894;"2024-11-17;00:00;BTC;85259,2302;89804,7894"
18.11.2024;00:00;BTC;85.442,01;85442,0057;90.553,77;90553,7658;"2024-11-18;00:00;BTC;85442,0057;90553,7658"
19.11.2024;00:00;BTC;86.939,11;86939,1075;92.238,19;92238,1916;"2024-11-19;00:00;BTC;86939,1075;92238,1916"
20.11.2024;00:00;BTC;89.319,82;89319,8178;94.193,78;94193,7808;"2024-11-20;00:00;BTC;89319,8178;94193,7808"
21.11.2024;00:00;BTC;94.083,25;94083,2455;98.514,53;98514,5274;"2024-11-21;00:00;BTC;94083,2455;98514,5274"
22.11.2024;00:00;BTC;95.004,15;95004,1523;98.978,12;98978,124;"2024-11-22;00:00;BTC;95004,1523;98978,124"
23.11.2024;00:00;BTC;93.791,49;93791,4902;97.711,99;97711,9883;"2024-11-23;00:00;BTC;93791,4902;97711,9883"
24.11.2024;00:00;BTC;93.466,76;93466,7604;97.933,82;97933,8156;"2024-11-24;00:00;BTC;93466,7604;97933,8156"
25.11.2024;00:00;BTC;89.002,59;89002,5934;93.049,02;93049,0159;"2024-11-25;00:00;BTC;89002,5934;93049,0159"
26.11.2024;00:00;BTC;87.658,10;87658,0994;91.957,67;91957,6723;"2024-11-26;00:00;BTC;87658,0994;91957,6723"
27.11.2024;00:00;BTC;90.869,51;90869,5056;95.981,58;95981,5806;"2024-11-27;00:00;BTC;90869,5056;95981,5806"
28.11.2024;00:00;BTC;90.559,49;90559,492;95.651,20;95651,1965;"2024-11-28;00:00;BTC;90559,492;95651,1965"
29.11.2024;00:00;BTC;92.106,25;92106,2499;97.447,13;97447,1324;"2024-11-29;00:00;BTC;92106,2499;97447,1324"
30.11.2024;00:00;BTC;91.240,33;91240,3318;96.514,05;96514,0527;"2024-11-30;00:00;BTC;91240,3318;96514,0527"
01.12.2024;00:00;BTC;92.312,86;92312,8577;97.311,46;97311,4552;"2024-12-01;00:00;BTC;92312,8577;97311,4552"
02.12.2024;00:00;BTC;91.269,75;91269,7544;95.842,80;95842,7976;"2024-12-02;00:00;BTC;91269,7544;95842,7976"
03.12.2024;00:00;BTC;91.339,94;91339,9434;96.000,78;96000,7814;"2024-12-03;00:00;BTC;91339,9434;96000,7814"
04.12.2024;00:00;BTC;94.049,15;94049,1504;98.862,26;98862,2596;"2024-12-04;00:00;BTC;94049,1504;98862,2596"
05.12.2024;00:00;BTC;91.755,21;91755,211;97.124,86;97124,8557;"2024-12-05;00:00;BTC;91755,211;97124,8557"
06.12.2024;00:00;BTC;94.505,39;94505,3934;99.945,32;99945,3171;"2024-12-06;00:00;BTC;94505,3934;99945,3171"
07.12.2024;00:00;BTC;94.418,71;94418,7133;99.805,31;99805,3054;"2024-12-07;00:00;BTC;94418,7133;99805,3054"
08.12.2024;00:00;BTC;95.841,29;95841,2853;101.267,82;101267,8229;"2024-12-08;00:00;BTC;95841,2853;101267,8229"
09.12.2024;00:00;BTC;92.346,44;92346,442;97.465,94;97465,9378;"2024-12-09;00:00;BTC;92346,442;97465,9378"
10.12.2024;00:00;BTC;91.776,95;91776,9471;96.657,68;96657,6764;"2024-12-10;00:00;BTC;91776,9471;96657,6764"
11.12.2024;00:00;BTC;96.257,49;96257,489;101.125,79;101125,7855;"2024-12-11;00:00;BTC;96257,489;101125,7855"
12.12.2024;00:00;BTC;95.501,46;95501,4604;100.042,59;100042,5939;"2024-12-12;00:00;BTC;95501,4604;100042,5939"
13.12.2024;00:00;BTC;96.466,25;96466,2501;101.343,83;101343,8272;"2024-12-13;00:00;BTC;96466,2501;101343,8272"
14.12.2024;00:00;BTC;96.494,50;96494,4952;101.338,47;101338,4742;"2024-12-14;00:00;BTC;96494,4952;101338,4742"
15.12.2024;00:00;BTC;99.516,51;99516,5054;104.600,84;104600,8384;"2024-12-15;00:00;BTC;99516,5054;104600,8384"
16.12.2024;00:00;BTC;100.807,77;100807,7744;106.021,60;106021,5985;"2024-12-16;00:00;BTC;100807,7744;106021,5985"
17.12.2024;00:00;BTC;101.051,65;101051,6491;106.050,55;106050,554;"2024-12-17;00:00;BTC;101051,6491;106050,554"
18.12.2024;00:00;BTC;97.019,17;97019,1685;100.422,07;100422,0708;"2024-12-18;00:00;BTC;97019,1685;100422,0708"
19.12.2024;00:00;BTC;94.352,00;94351,9979;97.788,28;97788,278;"2024-12-19;00:00;BTC;94351,9979;97788,278"
20.12.2024;00:00;BTC;93.604,94;93604,9443;97.643,99;97643,9879;"2024-12-20;00:00;BTC;93604,9443;97643,9879"
21.12.2024;00:00;BTC;93.196,62;93196,6195;97.204,05;97204,0509;"2024-12-21;00:00;BTC;93196,6195;97204,0509"
22.12.2024;00:00;BTC;91.102,95;91102,9529;95.044,94;95044,9418;"2024-12-22;00:00;BTC;91102,9529;95044,9418"
23.12.2024;00:00;BTC;91.005,71;91005,7103;94.682,81;94682,812;"2024-12-23;00:00;BTC;91005,7103;94682,812"
24.12.2024;00:00;BTC;94.921,27;94921,267;98.732,34;98732,3351;"2024-12-24;00:00;BTC;94921,267;98732,3351"
25.12.2024;00:00;BTC;95.538,34;95538,344;99.339,68;99339,676;"2024-12-25;00:00;BTC;95538,344;99339,676"
26.12.2024;00:00;BTC;91.836,59;91836,5922;95.705,89;95705,8854;"2024-12-26;00:00;BTC;91836,5922;95705,8854"
27.12.2024;00:00;BTC;90.456,88;90456,8847;94.305,79;94305,7868;"2024-12-27;00:00;BTC;90456,8847;94305,7868"
28.12.2024;00:00;BTC;91.267,80;91267,8046;95.174,03;95174,0324;"2024-12-28;00:00;BTC;91267,8046;95174,0324"
29.12.2024;00:00;BTC;89.769,86;89769,8637;93.620,08;93620,0832;"2024-12-29;00:00;BTC;89769,8637;93620,0832"
30.12.2024;00:00;BTC;88.994,40;88994,4004;92.598,23;92598,231;"2024-12-30;00:00;BTC;88994,4004;92598,231"
31.12.2024;00:00;BTC;90.306,40;90306,4032;93.466,99;93466,9895;"2024-12-31;00:00;BTC;90306,4032;93466,9895"
01.01.2025;00:00;BTC;91.180,37;91180,3745;94.397,15;94397,1461;"2025-01-01;00:00;BTC;91180,3745;94397,1461"
02.01.2025;00:00;BTC;94.340,93;94340,9281;96.870,01;96870,0104;"2025-01-02;00:00;BTC;94340,9281;96870,0104"
03.01.2025;00:00;BTC;95.100,43;95100,425;98.085,45;98085,4537;"2025-01-03;00:00;BTC;95100,425;98085,4537"
04.01.2025;00:00;BTC;95.291,80;95291,8013;98.260,14;98260,1419;"2025-01-04;00:00;BTC;95291,8013;98260,1419"
05.01.2025;00:00;BTC;95.476,43;95476,43;98.387,11;98387,1143;"2025-01-05;00:00;BTC;95476,43;98387,1143"
06.01.2025;00:00;BTC;98.454,28;98454,2751;102.236,73;102236,7273;"2025-01-06;00:00;BTC;98454,2751;102236,7273"
07.01.2025;00:00;BTC;93.712,81;93712,806;96.940,74;96940,7387;"2025-01-07;00:00;BTC;93712,806;96940,7387"
08.01.2025;00:00;BTC;92.133,42;92133,4216;95.035,62;95035,6193;"2025-01-08;00:00;BTC;92133,4216;95035,6193"
09.01.2025;00:00;BTC;89.765,66;89765,6618;92.436,14;92436,1419;"2025-01-09;00:00;BTC;89765,6618;92436,1419"
10.01.2025;00:00;BTC;92.394,65;92394,6516;94.764,62;94764,6199;"2025-01-10;00:00;BTC;92394,6516;94764,6199"
11.01.2025;00:00;BTC;92.223,90;92223,902;94.570,96;94570,9642;"2025-01-11;00:00;BTC;92223,902;94570,9642"
12.01.2025;00:00;BTC;92.158,39;92158,3903;94.405,23;94405,2349;"2025-01-12;00:00;BTC;92158,3903;94405,2349"
13.01.2025;00:00;BTC;91.951,61;91951,6074;94.398,41;94398,4143;"2025-01-13;00:00;BTC;91951,6074;94398,4143"
14.01.2025;00:00;BTC;93.727,29;93727,285;96.579,27;96579,2709;"2025-01-14;00:00;BTC;93727,285;96579,2709"
15.01.2025;00:00;BTC;97.417,69;97417,6913;100.279,67;100279,6732;"2025-01-15;00:00;BTC;97417,6913;100279,6732"
16.01.2025;00:00;BTC;97.110,48;97110,4787;100.033,46;100033,4563;"2025-01-16;00:00;BTC;97110,4787;100033,4563"
17.01.2025;00:00;BTC;101.109,35;101109,3461;104.167,92;104167,9247;"2025-01-17;00:00;BTC;101109,3461;104167,9247"
18.01.2025;00:00;BTC;101.570,89;101570,8933;104.313,29;104313,2897;"2025-01-18;00:00;BTC;101570,8933;104313,2897"
19.01.2025;00:00;BTC;98.646,00;98646,0026;101.367,21;101367,2052;"2025-01-19;00:00;BTC;98646,0026;101367,2052"
20.01.2025;00:00;BTC;97.693,47;97693,4715;101.812,82;101812,8181;"2025-01-20;00:00;BTC;97693,4715;101812,8181"
21.01.2025;00:00;BTC;102.046,62;102046,6208;106.183,97;106183,9731;"2025-01-21;00:00;BTC;102046,6208;106183,9731"
22.01.2025;00:00;BTC;99.590,36;99590,359;103.654,12;103654,1187;"2025-01-22;00:00;BTC;99590,359;103654,1187"
23.01.2025;00:00;BTC;99.910,81;99910,8106;104.058,59;104058,5858;"2025-01-23;00:00;BTC;99910,8106;104058,5858"
24.01.2025;00:00;BTC;99.748,54;99748,5378;104.770,83;104770,8324;"2025-01-24;00:00;BTC;99748,5378;104770,8324"
25.01.2025;00:00;BTC;99.764,49;99764,4866;104.777,68;104777,6794;"2025-01-25;00:00;BTC;99764,4866;104777,6794"
26.01.2025;00:00;BTC;97.998,93;97998,9292;102.569,32;102569,3153;"2025-01-26;00:00;BTC;97998,9292;102569,3153"
27.01.2025;00:00;BTC;97.595,88;97595,8809;101.935,37;101935,3716;"2025-01-27;00:00;BTC;97595,8809;101935,3716"
28.01.2025;00:00;BTC;97.124,18;97124,1752;101.293,83;101293,8346;"2025-01-28;00:00;BTC;97124,1752;101293,8346"
29.01.2025;00:00;BTC;99.511,06;99511,0582;103.744,35;103744,3463;"2025-01-29;00:00;BTC;99511,0582;103744,3463"
30.01.2025;00:00;BTC;100.807,16;100807,1627;104.783,70;104783,7042;"2025-01-30;00:00;BTC;100807,1627;104783,7042"
31.01.2025;00:00;BTC;98.806,94;98806,9445;102.378,84;102378,8398;"2025-01-31;00:00;BTC;98806,9445;102378,8398"
01.02.2025;00:00;BTC;97.092,22;97092,2225;100.616,62;100616,6216;"2025-02-01;00:00;BTC;97092,2225;100616,6216"
02.02.2025;00:00;BTC;95.175,55;95175,549;97.530,62;97530,6209;"2025-02-02;00:00;BTC;95175,549;97530,6209"
03.02.2025;00:00;BTC;98.243,72;98243,7174;101.468,49;101468,4874;"2025-02-03;00:00;BTC;98243,7174;101468,4874"
04.02.2025;00:00;BTC;94.477,31;94477,311;98.006,02;98006,0177;"2025-02-04;00:00;BTC;94477,311;98006,0177"
05.02.2025;00:00;BTC;92.817,08;92817,076;96.535,73;96535,7288;"2025-02-05;00:00;BTC;92817,076;96535,7288"
06.02.2025;00:00;BTC;93.024,42;93024,4157;96.609,60;96609,5979;"2025-02-06;00:00;BTC;93024,4157;96609,5979"
07.02.2025;00:00;BTC;93.466,60;93466,5967;96.564,98;96564,9807;"2025-02-07;00:00;BTC;93466,5967;96564,9807"
08.02.2025;00:00;BTC;93.522,89;93522,8888;96.590,41;96590,4069;"2025-02-08;00:00;BTC;93522,8888;96590,4069"
09.02.2025;00:00;BTC;93.615,75;93615,7475;96.544,02;96544,0243;"2025-02-09;00:00;BTC;93615,7475;96544,0243"
10.02.2025;00:00;BTC;94.542,36;94542,362;97.392,86;97392,8561;"2025-02-10;00:00;BTC;94542,362;97392,8561"
11.02.2025;00:00;BTC;92.426,04;92426,0351;95.804,19;95804,1865;"2025-02-11;00:00;BTC;92426,0351;95804,1865"
12.02.2025;00:00;BTC;94.124,41;94124,4084;97.806,84;97806,8358;"2025-02-12;00:00;BTC;94124,4084;97806,8358"
13.02.2025;00:00;BTC;92.320,75;92320,7542;96.567,91;96567,9073;"2025-02-13;00:00;BTC;92320,7542;96567,9073"
14.02.2025;00:00;BTC;92.858,70;92858,6965;97.469,08;97469,0815;"2025-02-14;00:00;BTC;92858,6965;97469,0815"
15.02.2025;00:00;BTC;93.004,63;93004,631;97.575,76;97575,7628;"2025-02-15;00:00;BTC;93004,631;97575,7628"
16.02.2025;00:00;BTC;91.716,39;91716,385;96.201,59;96201,5918;"2025-02-16;00:00;BTC;91716,385;96201,5918"
17.02.2025;00:00;BTC;91.329,91;91329,9132;95.752,13;95752,1296;"2025-02-17;00:00;BTC;91329,9132;95752,1296"
18.02.2025;00:00;BTC;91.380,83;91380,8267;95.470,60;95470,5961;"2025-02-18;00:00;BTC;91380,8267;95470,5961"
19.02.2025;00:00;BTC;92.656,44;92656,438;96.551,32;96551,3181;"2025-02-19;00:00;BTC;92656,438;96551,3181"
20.02.2025;00:00;BTC;93.695,67;93695,6708;98.382,10;98382,1023;"2025-02-20;00:00;BTC;93695,6708;98382,1023"
21.02.2025;00:00;BTC;91.862,95;91862,9525;96.129,97;96129,9696;"2025-02-21;00:00;BTC;91862,9525;96129,9696"
22.02.2025;00:00;BTC;92.326,17;92326,1704;96.563,98;96563,9771;"2025-02-22;00:00;BTC;92326,1704;96563,9771"
23.02.2025;00:00;BTC;91.903,27;91903,2726;96.263,83;96263,8317;"2025-02-23;00:00;BTC;91903,2726;96263,8317"
24.02.2025;00:00;BTC;87.398,37;87398,3685;91.433,70;91433,7036;"2025-02-24;00:00;BTC;87398,3685;91433,7036"
25.02.2025;00:00;BTC;84.337,05;84337,0466;88.719,90;88719,8983;"2025-02-25;00:00;BTC;84337,0466;88719,8983"
26.02.2025;00:00;BTC;80.008,50;80008,4955;83.927,84;83927,8418;"2025-02-26;00:00;BTC;80008,4955;83927,8418"
27.02.2025;00:00;BTC;81.501,07;81501,0684;84.726,43;84726,4343;"2025-02-27;00:00;BTC;81501,0684;84726,4343"
28.02.2025;00:00;BTC;81.341,67;81341,6662;84.418,73;84418,7288;"2025-02-28;00:00;BTC;81341,6662;84418,7288"
01.03.2025;00:00;BTC;82.808,48;82808,4789;85.941,03;85941,0294;"2025-03-01;00:00;BTC;82808,4789;85941,0294"
02.03.2025;00:00;BTC;90.394,71;90394,7138;94.147,63;94147,6265;"2025-03-02;00:00;BTC;90394,7138;94147,6265"
03.03.2025;00:00;BTC;82.204,07;82204,0672;86.183,14;86183,1429;"2025-03-03;00:00;BTC;82204,0672;86183,1429"
04.03.2025;00:00;BTC;82.141,95;82141,9512;87.285,05;87285,048;"2025-03-04;00:00;BTC;82141,9512;87285,048"
05.03.2025;00:00;BTC;83.946,92;83946,9211;90.622,34;90622,3442;"2025-03-05;00:00;BTC;83946,9211;90622,3442"
06.03.2025;00:00;BTC;83.485,26;83485,264;90.043,01;90043,0061;"2025-03-06;00:00;BTC;83485,264;90043,0061"
07.03.2025;00:00;BTC;80.080,48;80080,4807;86.767,57;86767,5706;"2025-03-07;00:00;BTC;80080,4807;86767,5706"
08.03.2025;00:00;BTC;79.526,49;79526,4905;86.143,05;86143,0522;"2025-03-08;00:00;BTC;79526,4905;86143,0522"
09.03.2025;00:00;BTC;74.352,69;74352,6922;80.747,05;80747,0512;"2025-03-09;00:00;BTC;74352,6922;80747,0512"
10.03.2025;00:00;BTC;72.645,13;72645,1266;78.751,18;78751,1779;"2025-03-10;00:00;BTC;72645,1266;78751,1779"
11.03.2025;00:00;BTC;75.858,47;75858,4741;82.798,03;82798,025;"2025-03-11;00:00;BTC;75858,4741;82798,025"
12.03.2025;00:00;BTC;77.007,58;77007,5828;83.821,24;83821,244;"2025-03-12;00:00;BTC;77007,5828;83821,244"
13.03.2025;00:00;BTC;74.709,44;74709,4425;81.089,04;81089,0417;"2025-03-13;00:00;BTC;74709,4425;81089,0417"
14.03.2025;00:00;BTC;76.890,93;76890,9268;83.983,32;83983,318;"2025-03-14;00:00;BTC;76890,9268;83983,318"
15.03.2025;00:00;BTC;77.282,80;77282,7996;84.365,72;84365,724;"2025-03-15;00:00;BTC;77282,7996;84365,724"
16.03.2025;00:00;BTC;75.899,82;75899,8224;82.598,84;82598,8357;"2025-03-16;00:00;BTC;75899,8224;82598,8357"
17.03.2025;00:00;BTC;76.989,70;76989,6954;84.072,65;84072,6479;"2025-03-17;00:00;BTC;76989,6954;84072,6479"
18.03.2025;00:00;BTC;75.658,29;75658,2938;82.773,23;82773,2325;"2025-03-18;00:00;BTC;75658,2938;82773,2325"
19.03.2025;00:00;BTC;79.521,14;79521,1416;86.769,52;86769,5203;"2025-03-19;00:00;BTC;79521,1416;86769,5203"
20.03.2025;00:00;BTC;77.605,95;77605,9497;84.259,68;84259,6841;"2025-03-20;00:00;BTC;77605,9497;84259,6841"
21.03.2025;00:00;BTC;77.247,18;77247,1843;84.019,13;84019,1258;"2025-03-21;00:00;BTC;77247,1843;84019,1258"
22.03.2025;00:00;BTC;77.054,60;77054,6039;83.792,98;83792,9843;"2025-03-22;00:00;BTC;77054,6039;83792,9843"
23.03.2025;00:00;BTC;79.179,36;79179,359;85.794,45;85794,4546;"2025-03-23;00:00;BTC;79179,359;85794,4546"
24.03.2025;00:00;BTC;80.890,06;80890,057;87.386,36;87386,3589;"2025-03-24;00:00;BTC;80890,057;87386,3589"
25.03.2025;00:00;BTC;81.123,24;81123,2439;87.507,25;87507,2476;"2025-03-25;00:00;BTC;81123,2439;87507,2476"
26.03.2025;00:00;BTC;80.914,41;80914,4113;86.920,63;86920,6266;"2025-03-26;00:00;BTC;80914,4113;86920,6266"
27.03.2025;00:00;BTC;80.752,69;80752,6915;87.219,49;87219,4937;"2025-03-27;00:00;BTC;80752,6915;87219,4937"
28.03.2025;00:00;BTC;77.557,51;77557,509;84.347,66;84347,6647;"2025-03-28;00:00;BTC;77557,509;84347,6647"
29.03.2025;00:00;BTC;75.997,88;75997,8811;82.651,49;82651,4915;"2025-03-29;00:00;BTC;75997,8811;82651,4915"
30.03.2025;00:00;BTC;76.074,71;76074,7064;82.345,84;82345,8358;"2025-03-30;00:00;BTC;76074,7064;82345,8358"
31.03.2025;00:00;BTC;76.275,11;76275,1139;82.510,96;82510,9624;"2025-03-31;00:00;BTC;76275,1139;82510,9624"
01.04.2025;00:00;BTC;78.926,49;78926,4945;85.228,73;85228,7332;"2025-04-01;00:00;BTC;78926,4945;85228,7332"
02.04.2025;00:00;BTC;75.677,93;75677,9252;82.507,39;82507,392;"2025-04-02;00:00;BTC;75677,9252;82507,392"
03.04.2025;00:00;BTC;75.285,51;75285,5133;83.146,43;83146,4258;"2025-04-03;00:00;BTC;75285,5133;83146,4258"
04.04.2025;00:00;BTC;76.501,61;76501,6117;83.843,26;83843,2632;"2025-04-04;00:00;BTC;76501,6117;83843,2632"
05.04.2025;00:00;BTC;76.223,68;76223,6761;83.538,65;83538,6549;"2025-04-05;00:00;BTC;76223,6761;83538,6549"
06.04.2025;00:00;BTC;71.200,22;71200,2175;78.242,34;78242,3412;"2025-04-06;00:00;BTC;71200,2175;78242,3412"
07.04.2025;00:00;BTC;72.564,11;72564,1072;79.215,17;79215,1715;"2025-04-07;00:00;BTC;72564,1072;79215,1715"
08.04.2025;00:00;BTC;69.461,29;69461,2931;76.295,96;76295,9617;"2025-04-08;00:00;BTC;69461,2931;76295,9617"
09.04.2025;00:00;BTC;75.435,07;75435,0657;82.599,05;82599,0462;"2025-04-09;00:00;BTC;75435,0657;82599,0462"
10.04.2025;00:00;BTC;70.664,99;70664,9902;79.550,28;79550,2791;"2025-04-10;00:00;BTC;70664,9902;79550,2791"
11.04.2025;00:00;BTC;73.550,24;73550,2429;83.489,31;83489,3114;"2025-04-11;00:00;BTC;73550,2429;83489,3114"
12.04.2025;00:00;BTC;75.079,66;75079,6648;85.275,45;85275,4538;"2025-04-12;00:00;BTC;75079,6648;85275,4538"
13.04.2025;00:00;BTC;73.790,65;73790,6499;83.685,36;83685,3553;"2025-04-13;00:00;BTC;73790,6499;83685,3553"
14.04.2025;00:00;BTC;74.554,14;74554,1429;84.518,35;84518,3492;"2025-04-14;00:00;BTC;74554,1429;84518,3492"
15.04.2025;00:00;BTC;74.067,22;74067,2186;83.659,92;83659,9155;"2025-04-15;00:00;BTC;74067,2186;83659,9155"
16.04.2025;00:00;BTC;73.718,43;73718,4344;84.041,60;84041,6004;"2025-04-16;00:00;BTC;73718,4344;84041,6004"
17.04.2025;00:00;BTC;74.649,22;74649,2225;84.894,17;84894,1655;"2025-04-17;00:00;BTC;74649,2225;84894,1655"
18.04.2025;00:00;BTC;74.246,86;74246,8559;84.436,58;84436,5777;"2025-04-18;00:00;BTC;74246,8559;84436,5777"
19.04.2025;00:00;BTC;74.846,93;74846,932;85.119,01;85119,0089;"2025-04-19;00:00;BTC;74846,932;85119,0089"
20.04.2025;00:00;BTC;74.343,55;74343,5492;85.113,27;85113,272;"2025-04-20;00:00;BTC;74343,5492;85113,272"
21.04.2025;00:00;BTC;76.051,72;76051,7238;87.556,97;87556,9727;"2025-04-21;00:00;BTC;76051,7238;87556,9727"
22.04.2025;00:00;BTC;82.345,58;82345,575;93.459,60;93459,6042;"2025-04-22;00:00;BTC;82345,575;93459,6042"
23.04.2025;00:00;BTC;82.592,68;82592,6818;93.595,70;93595,6986;"2025-04-23;00:00;BTC;82592,6818;93595,6986"
24.04.2025;00:00;BTC;82.552,93;82552,9304;93.876,72;93876,7152;"2025-04-24;00:00;BTC;82552,9304;93876,7152"
25.04.2025;00:00;BTC;83.034,96;83034,9644;94.702,29;94702,2861;"2025-04-25;00:00;BTC;83034,9644;94702,2861"
26.04.2025;00:00;BTC;83.082,93;83082,9336;94.659,83;94659,8309;"2025-04-26;00:00;BTC;83082,9336;94659,8309"
27.04.2025;00:00;BTC;82.649,25;82649,2525;93.780,21;93780,2136;"2025-04-27;00:00;BTC;82649,2525;93780,2136"
28.04.2025;00:00;BTC;83.314,66;83314,6575;95.045,34;95045,344;"2025-04-28;00:00;BTC;83314,6575;95045,344"
29.04.2025;00:00;BTC;82.792,26;82792,2645;94.283,86;94283,8648;"2025-04-29;00:00;BTC;82792,2645;94283,8648"
30.04.2025;00:00;BTC;83.180,99;83180,9889;94.201,53;94201,5319;"2025-04-30;00:00;BTC;83180,9889;94201,5319"
01.05.2025;00:00;BTC;85.400,63;85400,6272;96.473,90;96473,9017;"2025-05-01;00:00;BTC;85400,6272;96473,9017"
02.05.2025;00:00;BTC;85.705,77;85705,767;96.870,04;96870,039;"2025-05-02;00:00;BTC;85705,767;96870,039"
03.05.2025;00:00;BTC;84.827,08;84827,0832;95.876,90;95876,8954;"2025-05-03;00:00;BTC;84827,0832;95876,8954"
04.05.2025;00:00;BTC;83.311,04;83311,0357;94.336,10;94336,0951;"2025-05-04;00:00;BTC;83311,0357;94336,0951"
05.05.2025;00:00;BTC;83.733,86;83733,8591;94.743,10;94743,1024;"2025-05-05;00:00;BTC;83733,8591;94743,1024"
06.05.2025;00:00;BTC;85.404,66;85404,6611;96.871,43;96871,429;"2025-05-06;00:00;BTC;85404,6611;96871,429"
07.05.2025;00:00;BTC;85.833,14;85833,1411;97.046,58;97046,5825;"2025-05-07;00:00;BTC;85833,1411;97046,5825"
08.05.2025;00:00;BTC;91.850,15;91850,153;103.109,74;103109,7362;"2025-05-08;00:00;BTC;91850,153;103109,7362"
09.05.2025;00:00;BTC;91.523,51;91523,505;102.968,45;102968,448;"2025-05-09;00:00;BTC;91523,505;102968,448"
10.05.2025;00:00;BTC;93.062,16;93062,1618;104.699,51;104699,5126;"2025-05-10;00:00;BTC;93062,1618;104699,5126"
11.05.2025;00:00;BTC;92.592,90;92592,8992;103.977,03;103977,0325;"2025-05-11;00:00;BTC;92592,8992;103977,0325"
12.05.2025;00:00;BTC;92.719,27;92719,2663;102.878,52;102878,5202;"2025-05-12;00:00;BTC;92719,2663;102878,5202"
13.05.2025;00:00;BTC;93.198,41;93198,4126;104.251,23;104251,2325;"2025-05-13;00:00;BTC;93198,4126;104251,2325"
14.05.2025;00:00;BTC;92.635,97;92635,9722;103.593,82;103593,8151;"2025-05-14;00:00;BTC;92635,9722;103593,8151"
15.05.2025;00:00;BTC;92.669,78;92669,7807;103.722,44;103722,4443;"2025-05-15;00:00;BTC;92669,7807;103722,4443"
16.05.2025;00:00;BTC;92.703,16;92703,1555;103.475,93;103475,9312;"2025-05-16;00:00;BTC;92703,1555;103475,9312"
17.05.2025;00:00;BTC;92.439,47;92439,4715;103.181,61;103181,6052;"2025-05-17;00:00;BTC;92439,4715;103181,6052"
18.05.2025;00:00;BTC;95.174,38;95174,3844;106.463,93;106463,9255;"2025-05-18;00:00;BTC;95174,3844;106463,9255"
19.05.2025;00:00;BTC;94.040,10;94040,1026;105.627,67;105627,6691;"2025-05-19;00:00;BTC;94040,1026;105627,6691"
20.05.2025;00:00;BTC;94.562,37;94562,3739;106.736,29;106736,288;"2025-05-20;00:00;BTC;94562,3739;106736,288"
21.05.2025;00:00;BTC;96.803,97;96803,9711;109.685,05;109685,0549;"2025-05-21;00:00;BTC;96803,9711;109685,0549"
22.05.2025;00:00;BTC;98.981,17;98981,1694;111.680,97;111680,971;"2025-05-22;00:00;BTC;98981,1694;111680,971"
23.05.2025;00:00;BTC;94.186,97;94186,9695;107.088,69;107088,6941;"2025-05-23;00:00;BTC;94186,9695;107088,6941"
24.05.2025;00:00;BTC;94.829,18;94829,1802;107.818,87;107818,8748;"2025-05-24;00:00;BTC;94829,1802;107818,8748"
25.05.2025;00:00;BTC;95.734,77;95734,7703;108.897,05;108897,0476;"2025-05-25;00:00;BTC;95734,7703;108897,0476"
26.05.2025;00:00;BTC;96.075,51;96075,5091;109.425,16;109425,1598;"2025-05-26;00:00;BTC;96075,5091;109425,1598"
27.05.2025;00:00;BTC;96.136,60;96136,598;109.000,14;109000,1406;"2025-05-27;00:00;BTC;96136,598;109000,1406"
28.05.2025;00:00;BTC;95.918,91;95918,9101;107.795,98;107795,9788;"2025-05-28;00:00;BTC;95918,9101;107795,9788"
29.05.2025;00:00;BTC;92.813,75;92813,7516;105.613,11;105613,11;"2025-05-29;00:00;BTC;92813,7516;105613,11"
30.05.2025;00:00;BTC;91.706,46;91706,4632;104.065,25;104065,2526;"2025-05-30;00:00;BTC;91706,4632;104065,2526"
31.05.2025;00:00;BTC;92.233,79;92233,7855;104.663,64;104663,6393;"2025-05-31;00:00;BTC;92233,7855;104663,6393"
01.06.2025;00:00;BTC;93.061,15;93061,1517;105.663,78;105663,7759;"2025-06-01;00:00;BTC;93061,1517;105663,7759"
02.06.2025;00:00;BTC;92.472,57;92472,5723;105.903,46;105903,461;"2025-06-02;00:00;BTC;92472,5723;105903,461"
03.06.2025;00:00;BTC;92.638,00;92637,996;105.453,56;105453,5558;"2025-06-03;00:00;BTC;92637,996;105453,5558"
04.06.2025;00:00;BTC;91.751,07;91751,0718;104.781,85;104781,847;"2025-06-04;00:00;BTC;91751,0718;104781,847"
05.06.2025;00:00;BTC;88.773,23;88773,2348;101.652,62;101652,622;"2025-06-05;00:00;BTC;88773,2348;101652,622"
06.06.2025;00:00;BTC;91.590,72;91590,7154;104.417,94;104417,9369;"2025-06-06;00:00;BTC;91590,7154;104417,9369"
07.06.2025;00:00;BTC;92.679,94;92679,9383;105.659,70;105659,7047;"2025-06-07;00:00;BTC;92679,9383;105659,7047"
08.06.2025;00:00;BTC;92.680,49;92680,4886;105.734,59;105734,5864;"2025-06-08;00:00;BTC;92680,4886;105734,5864"
09.06.2025;00:00;BTC;96.468,23;96468,2267;110.242,60;110242,5984;"2025-06-09;00:00;BTC;96468,2267;110242,5984"
10.06.2025;00:00;BTC;96.400,45;96400,4516;110.245,65;110245,6517;"2025-06-10;00:00;BTC;96400,4516;110245,6517"
11.06.2025;00:00;BTC;94.459,32;94459,3181;108.691,99;108691,9908;"2025-06-11;00:00;BTC;94459,3181;108691,9908"
12.06.2025;00:00;BTC;91.298,19;91298,191;105.910,81;105910,8116;"2025-06-12;00:00;BTC;91298,191;105910,8116"
13.06.2025;00:00;BTC;91.825,88;91825,8794;106.054,34;106054,342;"2025-06-13;00:00;BTC;91825,8794;106054,342"
14.06.2025;00:00;BTC;91.322,25;91322,2454;105.472,67;105472,6697;"2025-06-14;00:00;BTC;91322,2454;105472,6697"
15.06.2025;00:00;BTC;91.359,35;91359,3452;105.515,52;105515,5182;"2025-06-15;00:00;BTC;91359,3452;105515,5182"
16.06.2025;00:00;BTC;92.514,63;92514,6265;106.882,40;106882,4;"2025-06-16;00:00;BTC;92514,6265;106882,4"
17.06.2025;00:00;BTC;91.137,04;91137,0427;104.631,11;104631,1073;"2025-06-17;00:00;BTC;91137,0427;104631,1073"
18.06.2025;00:00;BTC;91.286,90;91286,8962;104.766,46;104766,4638;"2025-06-18;00:00;BTC;91286,8962;104766,4638"
19.06.2025;00:00;BTC;90.941,60;90941,5961;104.685,67;104685,6735;"2025-06-19;00:00;BTC;90941,5961;104685,6735"
20.06.2025;00:00;BTC;89.649,68;89649,6827;103.316,73;103316,7297;"2025-06-20;00:00;BTC;89649,6827;103316,7297"
21.06.2025;00:00;BTC;88.332,35;88332,3518;101.798,57;101798,5724;"2025-06-21;00:00;BTC;88332,3518;101798,5724"
22.06.2025;00:00;BTC;87.679,99;87679,9891;100.837,00;100836,9991;"2025-06-22;00:00;BTC;87679,9891;100836,9991"
23.06.2025;00:00;BTC;91.032,29;91032,2888;105.580,06;105580,0596;"2025-06-23;00:00;BTC;91032,2888;105580,0596"
24.06.2025;00:00;BTC;91.300,13;91300,1271;106.021,41;106021,4123;"2025-06-24;00:00;BTC;91300,1271;106021,4123"
25.06.2025;00:00;BTC;91.799,64;91799,6373;107.258,98;107258,9816;"2025-06-25;00:00;BTC;91799,6373;107258,9816"
26.06.2025;00:00;BTC;91.487,91;91487,9144;106.976,38;106976,383;"2025-06-26;00:00;BTC;91487,9144;106976,383"
27.06.2025;00:00;BTC;91.359,91;91359,9097;107.079,13;107079,1253;"2025-06-27;00:00;BTC;91359,9097;107079,1253"
28.06.2025;00:00;BTC;91.578,31;91578,3099;107.335,10;107335,103;"2025-06-28;00:00;BTC;91578,3099;107335,103"
29.06.2025;00:00;BTC;92.428,12;92428,1246;108.404,19;108404,1924;"2025-06-29;00:00;BTC;92428,1246;108404,1924"
30.06.2025;00:00;BTC;90.909,48;90909,4823;107.131,43;107131,4307;"2025-06-30;00:00;BTC;90909,4823;107131,4307"
01.07.2025;00:00;BTC;89.474,49;89474,4899;105.621,98;105621,9779;"2025-07-01;00:00;BTC;89474,4899;105621,9779"
02.07.2025;00:00;BTC;92.276,38;92276,3842;108.890,33;108890,3257;"2025-07-02;00:00;BTC;92276,3842;108890,3257"
03.07.2025;00:00;BTC;93.163,93;93163,9302;109.643,06;109643,0633;"2025-07-03;00:00;BTC;93163,9302;109643,0633"
04.07.2025;00:00;BTC;91.734,43;91734,4314;108.051,00;108050,9963;"2025-07-04;00:00;BTC;91734,4314;108050,9963"
05.07.2025;00:00;BTC;91.899,38;91899,3795;108.245,28;108245,2833;"2025-07-05;00:00;BTC;91899,3795;108245,2833"
06.07.2025;00:00;BTC;92.758,38;92758,3801;109.249,87;109249,8659;"2025-07-06;00:00;BTC;92758,3801;109249,8659"
07.07.2025;00:00;BTC;92.277,14;92277,1399;108.302,94;108302,943;"2025-07-07;00:00;BTC;92277,1399;108302,943"
08.07.2025;00:00;BTC;92.952,32;92952,3202;108.966,09;108966,085;"2025-07-08;00:00;BTC;92952,3202;108966,085"
09.07.2025;00:00;BTC;94.909,45;94909,4454;111.343,00;111343,0048;"2025-07-09;00:00;BTC;94909,4454;111343,0048"
10.07.2025;00:00;BTC;99.135,43;99135,4321;115.998,75;115998,7504;"2025-07-10;00:00;BTC;99135,4321;115998,7504"
11.07.2025;00:00;BTC;100.557,11;100557,1051;117.541,91;117541,9113;"2025-07-11;00:00;BTC;100557,1051;117541,9113"
12.07.2025;00:00;BTC;100.473,88;100473,8771;117.444,63;117444,6254;"2025-07-12;00:00;BTC;100473,8771;117444,6254"
13.07.2025;00:00;BTC;102.022,03;102022,0334;119.177,10;119177,1003;"2025-07-13;00:00;BTC;102022,0334;119177,1003"
14.07.2025;00:00;BTC;102.722,53;102722,5262;119.846,42;119846,4228;"2025-07-14;00:00;BTC;102722,5262;119846,4228"
15.07.2025;00:00;BTC;101.387,48;101387,4829;117.688,52;117688,5198;"2025-07-15;00:00;BTC;101387,4829;117688,5198"
16.07.2025;00:00;BTC;102.025,76;102025,764;118.700,86;118700,8609;"2025-07-16;00:00;BTC;102025,764;118700,8609"
17.07.2025;00:00;BTC;102.793,38;102793,3795;119.401,54;119401,5362;"2025-07-17;00:00;BTC;102793,3795;119401,5362"
18.07.2025;00:00;BTC;101.477,28;101477,2834;118.003,70;118003,7018;"2025-07-18;00:00;BTC;101477,2834;118003,7018"
19.07.2025;00:00;BTC;101.430,47;101430,4673;117.920,05;117920,0484;"2025-07-19;00:00;BTC;101430,4673;117920,0484"
20.07.2025;00:00;BTC;100.818,18;100818,1829;117.267,81;117267,8073;"2025-07-20;00:00;BTC;100818,1829;117267,8073"
21.07.2025;00:00;BTC;100.444,47;100444,4659;117.472,59;117472,5873;"2025-07-21;00:00;BTC;100444,4659;117472,5873"
22.07.2025;00:00;BTC;102.165,90;102165,8952;119.921,61;119921,6085;"2025-07-22;00:00;BTC;102165,8952;119921,6085"
23.07.2025;00:00;BTC;100.721,59;100721,5892;118.606,50;118606,5006;"2025-07-23;00:00;BTC;100721,5892;118606,5006"
24.07.2025;00:00;BTC;100.682,76;100682,7554;118.364,24;118364,2427;"2025-07-24;00:00;BTC;100682,7554;118364,2427"
25.07.2025;00:00;BTC;100.119,83;100119,8268;117.605,81;117605,8117;"2025-07-25;00:00;BTC;100119,8268;117605,8117"
26.07.2025;00:00;BTC;100.415,61;100415,6125;117.953,26;117953,2565;"2025-07-26;00:00;BTC;100415,6125;117953,2565"
27.07.2025;00:00;BTC;101.597,32;101597,3196;119.454,30;119454,3047;"2025-07-27;00:00;BTC;101597,3196;119454,3047"
28.07.2025;00:00;BTC;101.658,60;101658,6005;117.873,79;117873,7907;"2025-07-28;00:00;BTC;101658,6005;117873,7907"
29.07.2025;00:00;BTC;102.074,95;102074,9527;117.892,74;117892,7395;"2025-07-29;00:00;BTC;102074,9527;117892,7395"
30.07.2025;00:00;BTC;103.082,30;103082,296;117.820,46;117820,4569;"2025-07-30;00:00;BTC;103082,296;117820,4569"
31.07.2025;00:00;BTC;101.232,56;101232,5612;115.638,72;115638,717;"2025-07-31;00:00;BTC;101232,5612;115638,717"
01.08.2025;00:00;BTC;97.714,15;97714,145;113.285,20;113285,195;"2025-08-01;00:00;BTC;97714,145;113285,195"
02.08.2025;00:00;BTC;97.090,19;97090,1868;112.527,50;112527,4964;"2025-08-02;00:00;BTC;97090,1868;112527,4964"
03.08.2025;00:00;BTC;98.576,05;98576,054;114.235,45;114235,4494;"2025-08-03;00:00;BTC;98576,054;114235,4494"
04.08.2025;00:00;BTC;99.385,16;99385,1591;115.119,86;115119,8562;"2025-08-04;00:00;BTC;99385,1591;115119,8562"
05.08.2025;00:00;BTC;98.538,26;98538,2625;114.132,00;114132,004;"2025-08-05;00:00;BTC;98538,2625;114132,004"
06.08.2025;00:00;BTC;98.621,21;98621,2094;115.007,61;115007,6084;"2025-08-06;00:00;BTC;98621,2094;115007,6084"
07.08.2025;00:00;BTC;100.624,24;100624,2375;117.498,97;117498,9694;"2025-08-07;00:00;BTC;100624,2375;117498,9694"
08.08.2025;00:00;BTC;100.196,25;100196,2549;116.697,25;116697,2454;"2025-08-08;00:00;BTC;100196,2549;116697,2454"
09.08.2025;00:00;BTC;100.031,14;100031,1443;116.531,27;116531,2735;"2025-08-09;00:00;BTC;100031,1443;116531,2735"
10.08.2025;00:00;BTC;102.420,96;102420,9586;119.288,19;119288,1892;"2025-08-10;00:00;BTC;102420,9586;119288,1892"
11.08.2025;00:00;BTC;102.252,22;102252,2198;118.780,39;118780,3927;"2025-08-11;00:00;BTC;102252,2198;118780,3927"
12.08.2025;00:00;BTC;102.923,61;102923,6143;120.182,97;120182,9705;"2025-08-12;00:00;BTC;102923,6143;120182,9705"
