date_iso;time_berlin;symbol;price_eur;price_usd
2024-01-01;00:00;BTC;40004,0369;44152,2269
2024-01-02;00:00;BTC;41100,1973;44977,0381
2024-01-03;00:00;BTC;39199,1005;42830,9042
2024-01-04;00:00;BTC;40405,0054;44230,1626
2024-01-05;00:00;BTC;40297,2623;44144,4513
2024-01-06;00:00;BTC;40121,5495;43951,9631
2024-01-07;00:00;BTC;40111,9974;43881,7466
2024-01-08;00:00;BTC;42869,2619;46944,0012
2024-01-09;00:00;BTC;42162,6534;46088,4188
2024-01-10;00:00;BTC;42470,4079;46608,1898
2024-01-11;00:00;BTC;42254,2789;46393,1002
2024-01-12;00:00;BTC;39126,1072;42897,8585
2024-01-13;00:00;BTC;39072,183;42838,736
2024-01-14;00:00;BTC;38161,4369;41769,4393
2024-01-15;00:00;BTC;38904,8643;42582,9215
2024-01-16;00:00;BTC;39666,4624;43152,4934
2024-01-17;00:00;BTC;39258,0557;42730,9262
2024-01-18;00:00;BTC;37931,2539;41261,2425
2024-01-19;00:00;BTC;38158,0493;41609,5625
2024-01-20;00:00;BTC;38193,9574;41648,7187
2024-01-21;00:00;BTC;38135,2681;41535,7592
2024-01-22;00:00;BTC;36266,5572;39450,4019
2024-01-23;00:00;BTC;36682,8209;39827,3494
2024-01-24;00:00;BTC;36860,076;40110,3806
2024-01-25;00:00;BTC;36808,8782;39928,1447
2024-01-26;00:00;BTC;38545,6267;41874,3439
2024-01-27;00:00;BTC;38767,358;42115,2235
2024-01-28;00:00;BTC;38756,199;42023,4372
2024-01-29;00:00;BTC;39927,4252;43260,5184
2024-01-30;00:00;BTC;39576,1925;42911,9532
2024-01-31;00:00;BTC;39405,2055;42584,5695
2024-02-01;00:00;BTC;39608,3727;43071,7272
2024-02-02;00:00;BTC;39980,5857;43173,2474
2024-02-03;00:00;BTC;39799,8145;42978,0406
2024-02-04;00:00;BTC;39499,7296;42576,935
2024-02-05;00:00;BTC;39710,9729;42657,5884
2024-02-06;00:00;BTC;40068,6934;43100,2346
2024-02-07;00:00;BTC;41111,414;44297,9422
2024-02-08;00:00;BTC;42054,5195;45316,9795
2024-02-09;00:00;BTC;43688,9491;47116,6882
2024-02-10;00:00;BTC;44294,6786;47769,9419
2024-02-11;00:00;BTC;44705,6997;48273,2367
2024-02-12;00:00;BTC;46439,8408;50026,8672
2024-02-13;00:00;BTC;46443,813;49733,6971
2024-02-14;00:00;BTC;48280,7839;51812,1442
2024-02-15;00:00;BTC;48197,4397;51928,8942
2024-02-16;00:00;BTC;48406,5254;52167,2634
2024-02-17;00:00;BTC;47971,8751;51698,8448
2024-02-18;00:00;BTC;48326,6871;52120,8223
2024-02-19;00:00;BTC;48033,8329;51755,9668
2024-02-20;00:00;BTC;48372,224;52291,4697
2024-02-21;00:00;BTC;47942,936;51874,6731
2024-02-22;00:00;BTC;47387,0218;51298,2575
2024-02-23;00:00;BTC;46868,3724;50770,0508
2024-02-24;00:00;BTC;47594,9119;51557,073
2024-02-25;00:00;BTC;47819,004;51740,6896
2024-02-26;00:00;BTC;50235,6622;54508,2358
2024-02-27;00:00;BTC;52619,1376;57052,7032
2024-02-28;00:00;BTC;57709,6806;62547,6812
2024-02-29;00:00;BTC;56729,3466;61296,2878
2024-03-01;00:00;BTC;57615,5751;62486,3891
2024-03-02;00:00;BTC;57187,5032;62022,1281
2024-03-03;00:00;BTC;58238,7553;63141,2982
2024-03-04;00:00;BTC;62933,6888;68310,4004
2024-03-05;00:00;BTC;58842,0122;63880,386
2024-03-06;00:00;BTC;60674,9484;66125,9772
2024-03-07;00:00;BTC;61184,4947;66996,4355
2024-03-08;00:00;BTC;62457,1767;68350,0441
2024-03-09;00:00;BTC;62604,4266;68511,1871
2024-03-10;00:00;BTC;63045,2212;68989,041
2024-03-11;00:00;BTC;65969,2866;72106,0919
2024-03-12;00:00;BTC;65407,6902;71475,2999
2024-03-13;00:00;BTC;66775,3847;73135,3039
2024-03-14;00:00;BTC;65609,8788;71405,8953
2024-03-15;00:00;BTC;63832,0821;69514,9274
2024-03-16;00:00;BTC;59965,9037;65304,5507
2024-03-17;00:00;BTC;62882,2967;68436,8356
2024-03-18;00:00;BTC;62352,0307;67730,265
2024-03-19;00:00;BTC;56921,2791;61839,1621
2024-03-20;00:00;BTC;62140,7921;67960,8952
2024-03-21;00:00;BTC;60269,6299;65464,3577
2024-03-22;00:00;BTC;58551,4591;63577,2399
2024-03-23;00:00;BTC;58955,0401;64015,4624
2024-03-24;00:00;BTC;62222,7686;67249,537
2024-03-25;00:00;BTC;64518,9782;69925,3246
2024-03-26;00:00;BTC;64658,437;70038,288
2024-03-27;00:00;BTC;64322,1325;69552,1781
2024-03-28;00:00;BTC;65542,3928;70730,244
2024-03-29;00:00;BTC;64711,5431;69889,1403
2024-03-30;00:00;BTC;64529,1697;69692,1751
2024-03-31;00:00;BTC;66038,6731;71277,5749
2024-04-01;00:00;BTC;64942,612;69734,4122
2024-04-02;00:00;BTC;60784,6909;65452,0786
2024-04-03;00:00;BTC;60972,2077;66087,2985
2024-04-04;00:00;BTC;63162,2424;68455,866
2024-04-05;00:00;BTC;62616,6778;67899,2385
2024-04-06;00:00;BTC;63598,5189;68963,9112
2024-04-07;00:00;BTC;64076,8129;69393,0115
2024-04-08;00:00;BTC;65937,0163;71627,3042
2024-04-09;00:00;BTC;63686,3295;69154,5153
2024-04-10;00:00;BTC;65755,4109;70621,5916
2024-04-11;00:00;BTC;65369,0441;70116,4915
2024-04-12;00:00;BTC;63066,304;67216,9507
2024-04-13;00:00;BTC;60231,4945;64195,571
2024-04-14;00:00;BTC;61665,7454;65662,9792
2024-04-15;00:00;BTC;59723,5274;63469,4971
2024-04-16;00:00;BTC;60001,0092;63724,2922
2024-04-17;00:00;BTC;57433,7023;61281,9645
2024-04-18;00:00;BTC;59645,2404;63485,4093
2024-04-19;00:00;BTC;59986,5574;63960,691
2024-04-20;00:00;BTC;60889,788;64923,761
2024-04-21;00:00;BTC;60954,0162;64965,0216
2024-04-22;00:00;BTC;62734,0206;66833,0948
2024-04-23;00:00;BTC;62037,3225;66398,0119
2024-04-24;00:00;BTC;60070,1344;64267,7848
2024-04-25;00:00;BTC;60133,3265;64509,8003
2024-04-26;00:00;BTC;59638,3084;63780,1942
2024-04-27;00:00;BTC;59352,5853;63486,5093
2024-04-28;00:00;BTC;58914,7127;63076,6353
2024-04-29;00:00;BTC;59566,4213;63830,8315
2024-04-30;00:00;BTC;56938,1254;60734,713
2024-05-01;00:00;BTC;54390,6236;58295,1762
2024-05-02;00:00;BTC;55107,1975;59132,3991
2024-05-03;00:00;BTC;58394,3772;62880,9317
2024-05-04;00:00;BTC;59321,2264;63878,9926
2024-05-05;00:00;BTC;59546,1146;64072,8624
2024-05-06;00:00;BTC;58681,6346;63203,0547
2024-05-07;00:00;BTC;57994,7847;62359,9835
2024-05-08;00:00;BTC;56931,3164;61180,9448
2024-05-09;00:00;BTC;58516,0375;63094,0809
2024-05-10;00:00;BTC;56393,6422;60785,3864
2024-05-11;00:00;BTC;56386,6496;60777,8492
2024-05-12;00:00;BTC;57079,4009;61478,1635
2024-05-13;00:00;BTC;58269,6536;62894,2692
2024-05-14;00:00;BTC;56933,5735;61574,3057
2024-05-15;00:00;BTC;60815,8243;66226,0272
2024-05-16;00:00;BTC;60050,6862;65259,4331
2024-05-17;00:00;BTC;61602,6558;67021,3304
2024-05-18;00:00;BTC;61526,7294;66938,7254
2024-05-19;00:00;BTC;60988,1516;66309,3438
2024-05-20;00:00;BTC;65738,8074;71396,2459
2024-05-21;00:00;BTC;64610,6275;70157,4129
2024-05-22;00:00;BTC;63886,2547;69153,8411
2024-05-23;00:00;BTC;62790,1226;67901,1068
2024-05-24;00:00;BTC;63148,5062;68538,2143
2024-05-25;00:00;BTC;63860,8975;69279,5264
2024-05-26;00:00;BTC;63160,5681;68513,4558
2024-05-27;00:00;BTC;63888,8599;69385,7367
2024-05-28;00:00;BTC;62927,2325;68291,1618
2024-05-29;00:00;BTC;62563,6662;67573,7897
2024-05-30;00:00;BTC;63109,7931;68363,6786
2024-05-31;00:00;BTC;62170,9657;67502,1506
2024-06-01;00:00;BTC;62363,6864;67705,1487
2024-06-02;00:00;BTC;62420,0267;67753,8099
2024-06-03;00:00;BTC;63075,3276;68799,0659
2024-06-04;00:00;BTC;64903,8727;70619,766
2024-06-05;00:00;BTC;65410,3522;71127,5104
2024-06-06;00:00;BTC;64967,8664;70763,6191
2024-06-07;00:00;BTC;64163,5607;69343,5218
2024-06-08;00:00;BTC;64130,0931;69307,3523
2024-06-09;00:00;BTC;64614,7984;69646,0274
2024-06-10;00:00;BTC;64553,8501;69482,5234
2024-06-11;00:00;BTC;62677,9204;67319,6073
2024-06-12;00:00;BTC;63102,9388;68237,5407
2024-06-13;00:00;BTC;62157,2212;66748,4464
2024-06-14;00:00;BTC;61568,2558;66017,2224
2024-06-15;00:00;BTC;61757,3044;66188,4206
2024-06-16;00:00;BTC;62250,948;66625,9403
2024-06-17;00:00;BTC;61905,46;66492,7982
2024-06-18;00:00;BTC;60623,9257;65116,509
2024-06-19;00:00;BTC;60421,4745;64937,7662
2024-06-20;00:00;BTC;60578,1149;64855,254
2024-06-21;00:00;BTC;59919,6828;64066,1052
2024-06-22;00:00;BTC;60093,522;64254,9969
2024-06-23;00:00;BTC;59147,2179;63216,6642
2024-06-24;00:00;BTC;56203,0075;60322,1023
2024-06-25;00:00;BTC;57707,3452;61802,3702
2024-06-26;00:00;BTC;56897,4499;60765,8008
2024-06-27;00:00;BTC;57493,5361;61565,2131
2024-06-28;00:00;BTC;56250,9551;60301,9819
2024-06-29;00:00;BTC;56781,8281;60871,0868
2024-06-30;00:00;BTC;58444,7835;62743,3963
2024-07-01;00:00;BTC;58517,9434;62833,0671
2024-07-02;00:00;BTC;57705,7508;62025,8513
2024-07-03;00:00;BTC;55821,0739;60232,0474
2024-07-04;00:00;BTC;52881,7053;57170,3383
2024-07-05;00:00;BTC;52279,9292;56709,755
2024-07-06;00:00;BTC;53722,3028;58237,6419
2024-07-07;00:00;BTC;51664,5985;55939,8581
2024-07-08;00:00;BTC;52327,5454;56676,9947
2024-07-09;00:00;BTC;53626,7982;57994,3529
2024-07-10;00:00;BTC;53280,7124;57714,452
2024-07-11;00:00;BTC;52764,4462;57373,1761
2024-07-12;00:00;BTC;53021,3558;57907,2827
2024-07-13;00:00;BTC;54232,8667;59225,0012
2024-07-14;00:00;BTC;55992,3217;60951,5202
2024-07-15;00:00;BTC;59488,8752;64831,8635
2024-07-16;00:00;BTC;59766,2849;65172,1165
2024-07-17;00:00;BTC;58729,312;64258,7098
2024-07-18;00:00;BTC;58668,9618;63959,4301
2024-07-19;00:00;BTC;61240,2187;66706,5539
2024-07-20;00:00;BTC;61684,7032;67183,9076
2024-07-21;00:00;BTC;62486,5405;68116,7287
2024-07-22;00:00;BTC;62068,0694;67589,4517
2024-07-23;00:00;BTC;60756,307;65924,8123
2024-07-24;00:00;BTC;60342,5006;65404,6221
2024-07-25;00:00;BTC;60593,1752;65752,3691
2024-07-26;00:00;BTC;62466,6304;67916,8932
2024-07-27;00:00;BTC;62575,1399;68028,5832
2024-07-28;00:00;BTC;62864,2903;68232,7029
2024-07-29;00:00;BTC;61783,6888;66850,9942
2024-07-30;00:00;BTC;61216,9004;66219,5203
2024-07-31;00:00;BTC;59738,8013;64663,9995
2024-08-01;00:00;BTC;60594,4179;65365,4415
2024-08-02;00:00;BTC;56209,9595;61384,0855
2024-08-03;00:00;BTC;55620,5528;60718,1447
2024-08-04;00:00;BTC;53224,1154;58066,4509
2024-08-05;00:00;BTC;49319,9384;54009,4137
2024-08-06;00:00;BTC;51262,5955;56003,8844
2024-08-07;00:00;BTC;50370,8224;55053,5087
2024-08-08;00:00;BTC;56647,0604;61829,889
2024-08-09;00:00;BTC;55725,3117;60873,0404
2024-08-10;00:00;BTC;55717,0731;60873,6828
2024-08-11;00:00;BTC;53904,8962;58829,2581
2024-08-12;00:00;BTC;54265,1055;59342,1207
2024-08-13;00:00;BTC;55108,803;60595,3482
2024-08-14;00:00;BTC;53387,6392;58787,4421
2024-08-15;00:00;BTC;52488,8227;57603,8739
2024-08-16;00:00;BTC;53418,0113;58928,0816
2024-08-17;00:00;BTC;53871,3401;59428,1713
2024-08-18;00:00;BTC;53020,6787;58453,6535
2024-08-19;00:00;BTC;53737,8471;59569,723
2024-08-20;00:00;BTC;53080,4053;59065,7767
2024-08-21;00:00;BTC;54829,1942;61164,6944
2024-08-22;00:00;BTC;54317,6343;60388,1534
2024-08-23;00:00;BTC;57159,227;64033,19
2024-08-24;00:00;BTC;57285,9887;64120,1732
2024-08-25;00:00;BTC;57458,8291;64279,3862
2024-08-26;00:00;BTC;56292,5479;62853,4416
2024-08-27;00:00;BTC;53247,5889;59517,5217
2024-08-28;00:00;BTC;53059,5974;59024,823
2024-08-29;00:00;BTC;53576,1233;59364,1255
2024-08-30;00:00;BTC;53458,1989;59130,7279
2024-08-31;00:00;BTC;53317,3342;58971,6543
2024-09-01;00:00;BTC;51867,1051;57290,7012
2024-09-02;00:00;BTC;53400,6041;59099,38
2024-09-03;00:00;BTC;52030,1329;57486,8414
2024-09-04;00:00;BTC;52321,4629;57978,7383
2024-09-05;00:00;BTC;50508,0515;56120,7432
2024-09-06;00:00;BTC;48614,9931;53914,8199
2024-09-07;00:00;BTC;48849,2379;54174,6012
2024-09-08;00:00;BTC;49451,853;54828,6826
2024-09-09;00:00;BTC;51731,3864;57089,5237
2024-09-10;00:00;BTC;52288,2975;57620,3079
2024-09-11;00:00;BTC;52117,6496;57384,1361
2024-09-12;00:00;BTC;52464,7191;58121,3183
2024-09-13;00:00;BTC;54677,8061;60623,9888
2024-09-14;00:00;BTC;54140,6924;60001,4544
2024-09-15;00:00;BTC;53400,6827;59207,1911
2024-09-16;00:00;BTC;52309,8644;58213,0133
2024-09-17;00:00;BTC;54211,0217;60304,8913
2024-09-18;00:00;BTC;55372,4495;61533,7637
2024-09-19;00:00;BTC;56434,4677;62974,6355
2024-09-20;00:00;BTC;56482,3741;63121,8454
2024-09-21;00:00;BTC;56756,4009;63399,743
2024-09-22;00:00;BTC;56950,2328;63570,6734
2024-09-23;00:00;BTC;56989,8843;63327,5117
2024-09-24;00:00;BTC;57492,8942;64333,1124
2024-09-25;00:00;BTC;56716,5478;63128,6512
2024-09-26;00:00;BTC;58291,5299;65145,6322
2024-09-27;00:00;BTC;58901,1899;65801,4601
2024-09-28;00:00;BTC;59006,9453;65919,6046
2024-09-29;00:00;BTC;58782,8203;65653,5276
2024-09-30;00:00;BTC;56832,4059;63293,8892
2024-10-01;00:00;BTC;55042,2011;60899,9882
2024-10-02;00:00;BTC;54906,8721;60656,971
2024-10-03;00:00;BTC;55040,6226;60740,5123
2024-10-04;00:00;BTC;56545,8588;62090,2036
2024-10-05;00:00;BTC;56530,0804;62081,3309
2024-10-06;00:00;BTC;57254,1812;62806,943
2024-10-07;00:00;BTC;56786,526;62322,7151
2024-10-08;00:00;BTC;56636,7879;62162,6769
2024-10-09;00:00;BTC;55377,2537;60591,1858
2024-10-10;00:00;BTC;55090,1472;60232,8259
2024-10-11;00:00;BTC;57019,36;62396,9132
2024-10-12;00:00;BTC;57752,4911;63199,1866
2024-10-13;00:00;BTC;57444,1618;62858,683
2024-10-14;00:00;BTC;60566,417;66066,593
2024-10-15;00:00;BTC;61536,088;66976,8156
2024-10-16;00:00;BTC;62292,7534;67644,9578
2024-10-17;00:00;BTC;62174,1434;67333,7248
2024-10-18;00:00;BTC;62948,082;68440,4262
2024-10-19;00:00;BTC;62883,2199;68369,9047
2024-10-20;00:00;BTC;63437,8343;68937,6077
2024-10-21;00:00;BTC;62320,218;67400,8977
2024-10-22;00:00;BTC;62377,168;67348,1337
2024-10-23;00:00;BTC;61859,0521;66681,5987
2024-10-24;00:00;BTC;62974,8078;68190,1249
2024-10-25;00:00;BTC;61571,8718;66501,351
2024-10-26;00:00;BTC;62066,5509;67018,1551
2024-10-27;00:00;BTC;62935,2063;67943,9676
2024-10-28;00:00;BTC;64578,487;69842,8952
2024-10-29;00:00;BTC;67238,1163;72748,29
2024-10-30;00:00;BTC;66622,9266;72345,7661
2024-10-31;00:00;BTC;64541,7193;70251,0197
2024-11-01;00:00;BTC;63939,7973;69505,7481
2024-11-02;00:00;BTC;63727,7094;69300,6607
2024-11-03;00:00;BTC;63285,6049;68823,9359
2024-11-04;00:00;BTC;62318,6483;67762,7776
2024-11-05;00:00;BTC;63433,379;69367,2627
2024-11-06;00:00;BTC;70461,7475;75630,405
2024-11-07;00:00;BTC;70368,5929;75988,6364
2024-11-08;00:00;BTC;71380,3585;76544,7567
2024-11-09;00:00;BTC;71565,9541;76707,9981
2024-11-10;00:00;BTC;75061,1131;80424,6318
2024-11-11;00:00;BTC;83187,9536;88688,2196
2024-11-12;00:00;BTC;83072,4785;88223,5892
2024-11-13;00:00;BTC;85629,3105;90445,5353
2024-11-14;00:00;BTC;82982,103;87369,3552
2024-11-15;00:00;BTC;86254,1371;90959,2786
2024-11-16;00:00;BTC;85885,9567;90562,4189
2024-11-17;00:00;BTC;85259,2302;89804,7894
2024-11-18;00:00;BTC;85442,0057;90553,7658
2024-11-19;00:00;BTC;86939,1075;92238,1916
2024-11-20;00:00;BTC;89319,8178;94193,7808
2024-11-21;00:00;BTC;94083,2455;98514,5274
2024-11-22;00:00;BTC;95004,1523;98978,124
2024-11-23;00:00;BTC;93791,4902;97711,9883
2024-11-24;00:00;BTC;93466,7604;97933,8156
2024-11-25;00:00;BTC;89002,5934;93049,0159
2024-11-26;00:00;BTC;87658,0994;91957,6723
2024-11-27;00:00;BTC;90869,5056;95981,5806
2024-11-28;00:00;BTC;90559,492;95651,1965
2024-11-29;00:00;BTC;92106,2499;97447,1324
2024-11-30;00:00;BTC;91240,3318;96514,0527
2024-12-01;00:00;BTC;92312,8577;97311,4552
2024-12-02;00:00;BTC;91269,7544;95842,7976
2024-12-03;00:00;BTC;91339,9434;96000,7814
2024-12-04;00:00;BTC;94049,1504;98862,2596
2024-12-05;00:00;BTC;91755,211;97124,8557
2024-12-06;00:00;BTC;94505,3934;99945,3171
2024-12-07;00:00;BTC;94418,7133;99805,3054
2024-12-08;00:00;BTC;95841,2853;101267,8229
2024-12-09;00:00;BTC;92346,442;97465,9378
2024-12-10;00:00;BTC;91776,9471;96657,6764
2024-12-11;00:00;BTC;96257,489;101125,7855
2024-12-12;00:00;BTC;95501,4604;100042,5939
2024-12-13;00:00;BTC;96466,2501;101343,8272
2024-12-14;00:00;BTC;96494,4952;101338,4742
2024-12-15;00:00;BTC;99516,5054;104600,8384
2024-12-16;00:00;BTC;100807,7744;106021,5985
2024-12-17;00:00;BTC;101051,6491;106050,554
2024-12-18;00:00;BTC;97019,1685;100422,0708
2024-12-19;00:00;BTC;94351,9979;97788,278
2024-12-20;00:00;BTC;93604,9443;97643,9879
2024-12-21;00:00;BTC;93196,6195;97204,0509
2024-12-22;00:00;BTC;91102,9529;95044,9418
2024-12-23;00:00;BTC;91005,7103;94682,812
2024-12-24;00:00;BTC;94921,267;98732,3351
2024-12-25;00:00;BTC;95538,344;99339,676
2024-12-26;00:00;BTC;91836,5922;95705,8854
2024-12-27;00:00;BTC;90456,8847;94305,7868
2024-12-28;00:00;BTC;91267,8046;95174,0324
2024-12-29;00:00;BTC;89769,8637;93620,0832
2024-12-30;00:00;BTC;88994,4004;92598,231
2024-12-31;00:00;BTC;90306,4032;93466,9895
2025-01-01;00:00;BTC;91180,3745;94397,1461
2025-01-02;00:00;BTC;94340,9281;96870,0104
2025-01-03;00:00;BTC;95100,425;98085,4537
2025-01-04;00:00;BTC;95291,8013;98260,1419
2025-01-05;00:00;BTC;95476,43;98387,1143
2025-01-06;00:00;BTC;98454,2751;102236,7273
2025-01-07;00:00;BTC;93712,806;96940,7387
2025-01-08;00:00;BTC;92133,4216;95035,6193
2025-01-09;00:00;BTC;89765,6618;92436,1419
2025-01-10;00:00;BTC;92394,6516;94764,6199
2025-01-11;00:00;BTC;92223,902;94570,9642
2025-01-12;00:00;BTC;92158,3903;94405,2349
2025-01-13;00:00;BTC;91951,6074;94398,4143
2025-01-14;00:00;BTC;93727,285;96579,2709
2025-01-15;00:00;BTC;97417,6913;100279,6732
2025-01-16;00:00;BTC;97110,4787;100033,4563
2025-01-17;00:00;BTC;101109,3461;104167,9247
2025-01-18;00:00;BTC;101570,8933;104313,2897
2025-01-19;00:00;BTC;98646,0026;101367,2052
2025-01-20;00:00;BTC;97693,4715;101812,8181
2025-01-21;00:00;BTC;102046,6208;106183,9731
2025-01-22;00:00;BTC;99590,359;103654,1187
2025-01-23;00:00;BTC;99910,8106;104058,5858
2025-01-24;00:00;BTC;99748,5378;104770,8324
2025-01-25;00:00;BTC;99764,4866;104777,6794
2025-01-26;00:00;BTC;97998,9292;102569,3153
2025-01-27;00:00;BTC;97595,8809;101935,3716
2025-01-28;00:00;BTC;97124,1752;101293,8346
2025-01-29;00:00;BTC;99511,0582;103744,3463
2025-01-30;00:00;BTC;100807,1627;104783,7042
2025-01-31;00:00;BTC;98806,9445;102378,8398
2025-02-01;00:00;BTC;97092,2225;100616,6216
2025-02-02;00:00;BTC;95175,549;97530,6209
2025-02-03;00:00;BTC;98243,7174;101468,4874
2025-02-04;00:00;BTC;94477,311;98006,0177
2025-02-05;00:00;BTC;92817,076;96535,7288
2025-02-06;00:00;BTC;93024,4157;96609,5979
2025-02-07;00:00;BTC;93466,5967;96564,9807
2025-02-08;00:00;BTC;93522,8888;96590,4069
2025-02-09;00:00;BTC;93615,7475;96544,0243
2025-02-10;00:00;BTC;94542,362;97392,8561
2025-02-11;00:00;BTC;92426,0351;95804,1865
2025-02-12;00:00;BTC;94124,4084;97806,8358
2025-02-13;00:00;BTC;92320,7542;96567,9073
2025-02-14;00:00;BTC;92858,6965;97469,0815
2025-02-15;00:00;BTC;93004,631;97575,7628
2025-02-16;00:00;BTC;91716,385;96201,5918
2025-02-17;00:00;BTC;91329,9132;95752,1296
2025-02-18;00:00;BTC;91380,8267;95470,5961
2025-02-19;00:00;BTC;92656,438;96551,3181
2025-02-20;00:00;BTC;93695,6708;98382,1023
2025-02-21;00:00;BTC;91862,9525;96129,9696
2025-02-22;00:00;BTC;92326,1704;96563,9771
2025-02-23;00:00;BTC;91903,2726;96263,8317
2025-02-24;00:00;BTC;87398,3685;91433,7036
2025-02-25;00:00;BTC;84337,0466;88719,8983
2025-02-26;00:00;BTC;80008,4955;83927,8418
2025-02-27;00:00;BTC;81501,0684;84726,4343
2025-02-28;00:00;BTC;81341,6662;84418,7288
2025-03-01;00:00;BTC;82808,4789;85941,0294
2025-03-02;00:00;BTC;90394,7138;94147,6265
2025-03-03;00:00;BTC;82204,0672;86183,1429
2025-03-04;00:00;BTC;82141,9512;87285,048
2025-03-05;00:00;BTC;83946,9211;90622,3442
2025-03-06;00:00;BTC;83485,264;90043,0061
2025-03-07;00:00;BTC;80080,4807;86767,5706
2025-03-08;00:00;BTC;79526,4905;86143,0522
2025-03-09;00:00;BTC;74352,6922;80747,0512
2025-03-10;00:00;BTC;72645,1266;78751,1779
2025-03-11;00:00;BTC;75858,4741;82798,025
2025-03-12;00:00;BTC;77007,5828;83821,244
2025-03-13;00:00;BTC;74709,4425;81089,0417
2025-03-14;00:00;BTC;76890,9268;83983,318
2025-03-15;00:00;BTC;77282,7996;84365,724
2025-03-16;00:00;BTC;75899,8224;82598,8357
2025-03-17;00:00;BTC;76989,6954;84072,6479
2025-03-18;00:00;BTC;75658,2938;82773,2325
2025-03-19;00:00;BTC;79521,1416;86769,5203
2025-03-20;00:00;BTC;77605,9497;84259,6841
2025-03-21;00:00;BTC;77247,1843;84019,1258
2025-03-22;00:00;BTC;77054,6039;83792,9843
2025-03-23;00:00;BTC;79179,359;85794,4546
2025-03-24;00:00;BTC;80890,057;87386,3589
2025-03-25;00:00;BTC;81123,2439;87507,2476
2025-03-26;00:00;BTC;80914,4113;86920,6266
2025-03-27;00:00;BTC;80752,6915;87219,4937
2025-03-28;00:00;BTC;77557,509;84347,6647
2025-03-29;00:00;BTC;75997,8811;82651,4915
2025-03-30;00:00;BTC;76074,7064;82345,8358
2025-03-31;00:00;BTC;76275,1139;82510,9624
2025-04-01;00:00;BTC;78926,4945;85228,7332
2025-04-02;00:00;BTC;75677,9252;82507,392
2025-04-03;00:00;BTC;75285,5133;83146,4258
2025-04-04;00:00;BTC;76501,6117;83843,2632
2025-04-05;00:00;BTC;76223,6761;83538,6549
2025-04-06;00:00;BTC;71200,2175;78242,3412
2025-04-07;00:00;BTC;72564,1072;79215,1715
2025-04-08;00:00;BTC;69461,2931;76295,9617
2025-04-09;00:00;BTC;75435,0657;82599,0462
2025-04-10;00:00;BTC;70664,9902;79550,2791
2025-04-11;00:00;BTC;73550,2429;83489,3114
2025-04-12;00:00;BTC;75079,6648;85275,4538
2025-04-13;00:00;BTC;73790,6499;83685,3553
2025-04-14;00:00;BTC;74554,1429;84518,3492
2025-04-15;00:00;BTC;74067,2186;83659,9155
2025-04-16;00:00;BTC;73718,4344;84041,6004
2025-04-17;00:00;BTC;74649,2225;84894,1655
2025-04-18;00:00;BTC;74246,8559;84436,5777
2025-04-19;00:00;BTC;74846,932;85119,0089
2025-04-20;00:00;BTC;74343,5492;85113,272
2025-04-21;00:00;BTC;76051,7238;87556,9727
2025-04-22;00:00;BTC;82345,575;93459,6042
2025-04-23;00:00;BTC;82592,6818;93595,6986
2025-04-24;00:00;BTC;82552,9304;93876,7152
2025-04-25;00:00;BTC;83034,9644;94702,2861
2025-04-26;00:00;BTC;83082,9336;94659,8309
2025-04-27;00:00;BTC;82649,2525;93780,2136
2025-04-28;00:00;BTC;83314,6575;95045,344
2025-04-29;00:00;BTC;82792,2645;94283,8648
2025-04-30;00:00;BTC;83180,9889;94201,5319
2025-05-01;00:00;BTC;85400,6272;96473,9017
2025-05-02;00:00;BTC;85705,767;96870,039
2025-05-03;00:00;BTC;84827,0832;95876,8954
2025-05-04;00:00;BTC;83311,0357;94336,0951
2025-05-05;00:00;BTC;83733,8591;94743,1024
2025-05-06;00:00;BTC;85404,6611;96871,429
2025-05-07;00:00;BTC;85833,1411;97046,5825
2025-05-08;00:00;BTC;91850,153;103109,7362
2025-05-09;00:00;BTC;91523,505;102968,448
2025-05-10;00:00;BTC;93062,1618;104699,5126
2025-05-11;00:00;BTC;92592,8992;103977,0325
2025-05-12;00:00;BTC;92719,2663;102878,5202
2025-05-13;00:00;BTC;93198,4126;104251,2325
2025-05-14;00:00;BTC;92635,9722;103593,8151
2025-05-15;00:00;BTC;92669,7807;103722,4443
2025-05-16;00:00;BTC;92703,1555;103475,9312
2025-05-17;00:00;BTC;92439,4715;103181,6052
2025-05-18;00:00;BTC;95174,3844;106463,9255
2025-05-19;00:00;BTC;94040,1026;105627,6691
2025-05-20;00:00;BTC;94562,3739;106736,288
2025-05-21;00:00;BTC;96803,9711;109685,0549
2025-05-22;00:00;BTC;98981,1694;111680,971
2025-05-23;00:00;BTC;94186,9695;107088,6941
2025-05-24;00:00;BTC;94829,1802;107818,8748
2025-05-25;00:00;BTC;95734,7703;108897,0476
2025-05-26;00:00;BTC;96075,5091;109425,1598
2025-05-27;00:00;BTC;96136,598;109000,1406
2025-05-28;00:00;BTC;95918,9101;107795,9788
2025-05-29;00:00;BTC;92813,7516;105613,11
2025-05-30;00:00;BTC;91706,4632;104065,2526
2025-05-31;00:00;BTC;92233,7855;104663,6393
2025-06-01;00:00;BTC;93061,1517;105663,7759
2025-06-02;00:00;BTC;92472,5723;105903,461
2025-06-03;00:00;BTC;92637,996;105453,5558
2025-06-04;00:00;BTC;91751,0718;104781,847
2025-06-05;00:00;BTC;88773,2348;101652,622
2025-06-06;00:00;BTC;91590,7154;104417,9369
2025-06-07;00:00;BTC;92679,9383;105659,7047
2025-06-08;00:00;BTC;92680,4886;105734,5864
2025-06-09;00:00;BTC;96468,2267;110242,5984
2025-06-10;00:00;BTC;96400,4516;110245,6517
2025-06-11;00:00;BTC;94459,3181;108691,9908
2025-06-12;00:00;BTC;91298,191;105910,8116
2025-06-13;00:00;BTC;91825,8794;106054,342
2025-06-14;00:00;BTC;91322,2454;105472,6697
2025-06-15;00:00;BTC;91359,3452;105515,5182
2025-06-16;00:00;BTC;92514,6265;106882,4
2025-06-17;00:00;BTC;91137,0427;104631,1073
2025-06-18;00:00;BTC;91286,8962;104766,4638
2025-06-19;00:00;BTC;90941,5961;104685,6735
2025-06-20;00:00;BTC;89649,6827;103316,7297
2025-06-21;00:00;BTC;88332,3518;101798,5724
2025-06-22;00:00;BTC;87679,9891;100836,9991
2025-06-23;00:00;BTC;91032,2888;105580,0596
2025-06-24;00:00;BTC;91300,1271;106021,4123
2025-06-25;00:00;BTC;91799,6373;107258,9816
2025-06-26;00:00;BTC;91487,9144;106976,383
2025-06-27;00:00;BTC;91359,9097;107079,1253
2025-06-28;00:00;BTC;91578,3099;107335,103
2025-06-29;00:00;BTC;92428,1246;108404,1924
2025-06-30;00:00;BTC;90909,4823;107131,4307
2025-07-01;00:00;BTC;89474,4899;105621,9779
2025-07-02;00:00;BTC;92276,3842;108890,3257
2025-07-03;00:00;BTC;93163,9302;109643,0633
2025-07-04;00:00;BTC;91734,4314;108050,9963
2025-07-05;00:00;BTC;91899,3795;108245,2833
2025-07-06;00:00;BTC;92758,3801;109249,8659
2025-07-07;00:00;BTC;92277,1399;108302,943
2025-07-08;00:00;BTC;92952,3202;108966,085
2025-07-09;00:00;BTC;94909,4454;111343,0048
2025-07-10;00:00;BTC;99135,4321;115998,7504
2025-07-11;00:00;BTC;100557,1051;117541,9113
2025-07-12;00:00;BTC;100473,8771;117444,6254
2025-07-13;00:00;BTC;102022,0334;119177,1003
2025-07-14;00:00;BTC;102722,5262;119846,4228
2025-07-15;00:00;BTC;101387,4829;117688,5198
2025-07-16;00:00;BTC;102025,764;118700,8609
2025-07-17;00:00;BTC;102793,3795;119401,5362
2025-07-18;00:00;BTC;101477,2834;118003,7018
2025-07-19;00:00;BTC;101430,4673;117920,0484
2025-07-20;00:00;BTC;100818,1829;117267,8073
2025-07-21;00:00;BTC;100444,4659;117472,5873
2025-07-22;00:00;BTC;102165,8952;119921,6085
2025-07-23;00:00;BTC;100721,5892;118606,5006
2025-07-24;00:00;BTC;100682,7554;118364,2427
2025-07-25;00:00;BTC;100119,8268;117605,8117
2025-07-26;00:00;BTC;100415,6125;117953,2565
2025-07-27;00:00;BTC;101597,3196;119454,3047
2025-07-28;00:00;BTC;101658,6005;117873,7907
2025-07-29;00:00;BTC;102074,9527;117892,7395
2025-07-30;00:00;BTC;103082,296;117820,4569
2025-07-31;00:00;BTC;101232,5612;115638,717
2025-08-01;00:00;BTC;97714,145;113285,195
2025-08-02;00:00;BTC;97090,1868;112527,4964
2025-08-03;00:00;BTC;98576,054;114235,4494
2025-08-04;00:00;BTC;99385,1591;115119,8562
2025-08-05;00:00;BTC;98538,2625;114132,004
2025-08-06;00:00;BTC;98621,2094;115007,6084
2025-08-07;00:00;BTC;100624,2375;117498,9694
2025-08-08;00:00;BTC;100196,2549;116697,2454
2025-08-09;00:00;BTC;100031,1443;116531,2735
2025-08-10;00:00;BTC;102420,9586;119288,1892
2025-08-11;00:00;BTC;102252,2198;118780,3927
2025-08-12;00:00;BTC;102923,6143;120182,9705
2025-08-13;00:00;BTC;104923,6143;120202,5348;
2025-08-14;01:27;BTC;105288,00000000;123284,00000000
2025-08-15;01:27;BTC;101757,00000000;118536,00000000
2025-08-16;01:26;BTC;100124,00000000;117193,00000000
2025-08-17;01:25;BTC;100329,00000000;117433,00000000
2025-08-18;01:26;BTC;100622,00000000;117772,00000000
2025-08-19;01:25;BTC;99750,00000000;116361,00000000
2025-08-20;01:25;BTC;97010,00000000;112960,00000000
2025-08-21;01:24;BTC;98084,00000000;114273,00000000
2025-08-22;01:25;BTC;96689,00000000;112272,00000000
2025-08-23;01:24;BTC;99536,00000000;116701,00000000
2025-08-24;01:24;BTC;98328,00000000;115260,00000000
2025-08-25;01:25;BTC;96935,00000000;113518,00000000
2025-08-26;01:26;BTC;94577,00000000;109853,00000000
2025-08-27;01:24;BTC;96243,00000000;112046,00000000
2025-08-28;01:24;BTC;95575,00000000;111274,00000000
2025-08-29;01:24;BTC;96205,00000000;112382,00000000
2025-08-30;01:24;BTC;92858,00000000;108509,00000000
2025-08-31;01:23;BTC;92947,00000000;108632,00000000
2025-09-01;01:24;BTC;92875,00000000;108552,00000000
2025-09-02;01:24;BTC;92750,00000000;108632,00000000
2025-09-03;01:22;BTC;95491,00000000;111100,00000000
2025-09-04;01:23;BTC;95967,00000000;111917,00000000
2025-09-05;01:23;BTC;95431,00000000;111211,00000000
2025-09-06;01:23;BTC;94471,00000000;110736,00000000
2025-09-07;01:22;BTC;94062,00000000;110207,00000000
2025-09-08;01:22;BTC;95175,00000000;111433,00000000
2025-09-09;01:25;BTC;95345,00000000;112209,00000000
2025-09-10;01:22;BTC;95179,00000000;111401,00000000
2025-09-11;01:23;BTC;97346,00000000;113943,00000000
2025-09-12;01:23;BTC;98300,00000000;115379,00000000
2025-09-13;01:22;BTC;98875,00000000;116037,00000000
2025-09-14;01:21;BTC;98865,00000000;116009,00000000
2025-09-15;01:22;BTC;98529,00000000;115549,00000000
2025-09-16;01:22;BTC;98090,00000000;115415,00000000
2025-09-17;01:20;BTC;98436,00000000;116844,00000000
2025-09-18;01:23;BTC;98664,00000000;116636,00000000
2025-09-19;01:23;BTC;99097,00000000;116821,00000000
2025-09-20;01:22;BTC;98391,00000000;115566,00000000
2025-09-21;01:22;BTC;98551,00000000;115778,00000000
2025-09-22;01:23;BTC;98170,00000000;115255,00000000
2025-09-23;01:23;BTC;95509,00000000;112721,00000000
2025-09-24;01:23;BTC;94828,00000000;112033,00000000
2025-09-25;01:24;BTC;96444,00000000;113264,00000000
2025-09-26;01:23;BTC;93879,00000000;109481,00000000
2025-09-27;01:23;BTC;93624,00000000;109583,00000000
2025-09-28;01:22;BTC;93630,00000000;109566,00000000
2025-09-29;01:23;BTC;95862,00000000;112222,00000000
2025-09-30;01:23;BTC;97459,00000000;114316,00000000
2025-10-01;01:23;BTC;97019,00000000;113910,00000000
2025-10-02;01:23;BTC;100834,00000000;118323,00000000
2025-10-03;01:23;BTC;102915,00000000;120637,00000000
2025-10-04;01:22;BTC;104243,00000000;122407,00000000
2025-10-05;01:22;BTC;104166,00000000;122264,00000000
2025-10-06;01:21;BTC;105418,00000000;123464,00000000
2025-10-07;01:23;BTC;106565,00000000;124776,00000000
2025-10-08;01:23;BTC;104456,00000000;121737,00000000
2025-10-09;01:23;BTC;106013,00000000;123311,00000000
2025-10-10;01:23;BTC;105105,00000000;121519,00000000
2025-10-11;01:23;BTC;97542,00000000;113343,00000000
2025-10-12;01:22;BTC;95571,00000000;111063,00000000
2025-10-13;01:23;BTC;99078,00000000;114974,00000000
2025-10-14;01:23;BTC;99816,00000000;115452,00000000
2025-10-15;01:24;BTC;97779,00000000;113462,00000000
2025-10-16;01:23;BTC;95230,00000000;110913,00000000
2025-10-17;01:21;BTC;92536,00000000;108234,00000000
2025-10-18;01:23;BTC;91606,00000000;106817,00000000
2025-10-19;01:23;BTC;91848,00000000;107068,00000000
2025-10-20;01:23;BTC;93386,00000000;108843,00000000
2025-10-21;01:24;BTC;95037,00000000;110663,00000000
2025-10-22;01:25;BTC;94350,00000000;109448,00000000
2025-10-23;01:23;BTC;92706,00000000;107622,00000000
2025-10-24;01:23;BTC;94744,00000000;110067,00000000
2025-10-25;01:24;BTC;95476,00000000;110993,00000000
2025-10-26;01:23;BTC;95990,00000000;111590,00000000
2025-10-27;00:24;BTC;98470,00000000;114522,00000000
2025-10-28;00:24;BTC;97808,00000000;113963,00000000
2025-10-29;00:25;BTC;96888,00000000;112899,00000000
2025-10-30;00:26;BTC;95245,00000000;110532,00000000
2025-10-31;00:24;BTC;93097,00000000;107691,00000000
2025-11-01;00:24;BTC;94436,00000000;109537,00000000
2025-11-02;00:23;BTC;94884,00000000;110004,00000000
2025-11-03;00:23;BTC;95528,00000000;110199,00000000
2025-11-04;00:25;BTC;92368,00000000;106407,00000000
2025-11-05;00:25;BTC;88025,00000000;101094,00000000
2025-11-06;00:26;BTC;90399,00000000;103916,00000000
2025-11-07;00:25;BTC;87722,00000000;101324,00000000
2025-11-08;00:24;BTC;89461,00000000;103501,00000000
2025-11-09;00:24;BTC;88499,00000000;102388,00000000
2025-11-10;00:24;BTC;90740,00000000;104778,00000000
2025-11-11;00:26;BTC;91855,00000000;106166,00000000
2025-11-12;00:25;BTC;88994,00000000;103081,00000000
2025-11-13;00:26;BTC;87896,00000000;101897,00000000
2025-11-14;00:26;BTC;86194,00000000;100211,00000000
2025-11-15;00:25;BTC;81002,00000000;94161,00000000
2025-11-16;00:24;BTC;82211,00000000;95554,00000000
2025-11-17;00:25;BTC;80935,00000000;94051,00000000
2025-11-18;00:26;BTC;79209,00000000;91839,00000000
2025-11-19;00:26;BTC;80082,00000000;92746,00000000
2025-11-20;00:26;BTC;79185,00000000;91387,00000000
2025-11-21;00:26;BTC;75767,00000000;87329,00000000
2025-11-22;00:26;BTC;73595,00000000;84748,00000000
2025-11-23;00:25;BTC;73646,00000000;84837,00000000
2025-11-24;00:25;BTC;75562,00000000;86965,00000000
2025-11-25;00:26;BTC;76795,00000000;88485,00000000
2025-11-26;00:27;BTC;75663,00000000;87537,00000000
2025-11-27;00:26;BTC;77984,00000000;90443,00000000
2025-11-28;00:26;BTC;78759,00000000;91361,00000000
2025-11-29;00:25;BTC;78513,00000000;91048,00000000
2025-11-30;00:26;BTC;78355,00000000;90864,00000000
2025-12-01;00:26;BTC;78313,00000000;90851,00000000
2025-12-02;00:27;BTC;74669,00000000;86687,00000000
2025-12-03;00:26;BTC;78922,00000000;91755,00000000
2025-12-04;00:25;BTC;80216,00000000;93614,00000000
2025-12-05;00:28;BTC;79228,00000000;92242,00000000
2025-12-06;00:26;BTC;76541,00000000;89136,00000000
2025-12-07;00:26;BTC;76409,00000000;88971,00000000
2025-12-08;00:25;BTC;77293,00000000;89988,00000000
2025-12-09;00:27;BTC;77868,00000000;90621,00000000
2025-12-10;00:28;BTC;79821,00000000;92820,00000000
2025-12-11;00:26;BTC;78869,00000000;92274,00000000
2025-12-12;00:28;BTC;78844,00000000;92561,00000000
2025-12-13;00:27;BTC;76936,00000000;90349,00000000
2025-12-14;00:26;BTC;76850,00000000;90199,00000000
2025-12-15;00:26;BTC;74976,00000000;88022,00000000
2025-12-16;00:29;BTC;73339,00000000;86203,00000000
2025-12-17;00:28;BTC;74577,00000000;87621,00000000
2025-12-18;00:28;BTC;73210,00000000;85958,00000000
2025-12-19;00:28;BTC;72785,00000000;85354,00000000
2025-12-20;00:27;BTC;75374,00000000;88282,00000000
2025-12-21;00:26;BTC;75352,00000000;88249,00000000
2025-12-22;00:12;BTC;75587,00000000;88546,00000000
2025-12-23;00:12;BTC;75302,00000000;88583,00000000
2025-12-24;00:12;BTC;73961,00000000;87239,00000000
2025-12-25;00:12;BTC;74543,00000000;87771,00000000
2025-12-26;00:12;BTC;74375,00000000;87637,00000000
2025-12-27;00:12;BTC;74257,00000000;87427,00000000
2025-12-28;00:12;BTC;74369,00000000;87566,00000000
2025-12-29;00:12;BTC;74460,00000000;87682,00000000
2025-12-30;00:12;BTC;74131,00000000;87288,00000000
2025-12-31;00:12;BTC;75218,00000000;88378,00000000
2026-01-01;00:12;BTC;74628,00000000;87557,00000000
2026-01-02;00:12;BTC;75332,00000000;88504,00000000
2026-01-03;00:12;BTC;76823,00000000;90084,00000000
2026-01-04;00:12;BTC;77135,00000000;90460,00000000
2026-01-05;00:12;BTC;78041,00000000;91407,00000000
2026-01-06;00:12;BTC;80261,00000000;94056,00000000
2026-01-07;00:12;BTC;79959,00000000;93465,00000000
2026-01-08;00:12;BTC;77922,00000000;90989,00000000
2026-01-09;00:12;BTC;78239,00000000;91224,00000000
