date_iso;time_berlin;symbol;price_gbp
2026-04-30;13:53;BTC;75776,14
2026-04-29;12:53;BTC;76350,67
2026-04-28;14:40;BTC;77366,62
2026-04-27;13:40;BTC;78657,54
2026-04-26;12:40;BTC;77612,02
2026-04-25;14:26;BTC;77455,32
2026-04-24;13:26;BTC;78268,95
2026-04-23;15:13;BTC;78203,10
2026-04-22;14:13;BTC;76352,78
2026-04-21;13:13;BTC;75872,52
2026-04-20;15:00;BTC;73856,35
2026-04-19;14:00;BTC;75726,21
2026-04-18;13:00;BTC;77126,88
2026-04-17;14:46;BTC;75152,13
2026-04-16;13:46;BTC;74805,08
2026-04-15;12:46;BTC;74181,61
2026-04-14;14:33;BTC;74484,64
2026-04-13;13:33;BTC;70753,41
2026-04-12;15:20;BTC;73054,27
2026-04-11;14:20;BTC;72979,05
2026-04-10;13:20;BTC;71767,83
2026-04-09;15:06;BTC;71123,36
2026-04-08;14:06;BTC;71940,70
2026-04-07;13:06;BTC;68859,83
2026-04-06;14:53;BTC;68981,90
2026-04-05;13:53;BTC;67290,52
2026-04-04;12:53;BTC;66931,10
2026-04-03;14:40;BTC;66888,57
2026-04-02;13:40;BTC;68078,55
2026-04-01;12:40;BTC;68233,32
2026-03-31;14:26;BTC;66691,44
2026-03-30;13:26;BTC;65954,92
2026-03-29;15:13;BTC;66319,70
2026-03-28;13:13;BTC;66338,37
2026-03-27;12:13;BTC;68791,62
2026-03-26;14:00;BTC;71309,88
2026-03-25;13:00;BTC;70517,86
2026-03-24;12:00;BTC;70914,86
2026-03-23;13:46;BTC;67845,21
2026-03-22;12:46;BTC;68711,53
2026-03-21;11:46;BTC;70522,58
2026-03-20;13:33;BTC;69912,79
2026-03-19;12:33;BTC;71245,58
2026-03-18;14:20;BTC;73922,47
2026-03-17;13:20;BTC;74861,08
2026-03-16;12:20;BTC;72789,92
2026-03-15;14:06;BTC;71214,63
2026-03-14;13:06;BTC;70968,27
2026-03-13;12:06;BTC;70493,46
2026-03-12;13:53;BTC;70204,88
2026-03-11;12:53;BTC;69926,92
2026-03-10;11:53;BTC;68402,39
2026-03-09;13:40;BTC;65969,78
2026-03-08;12:40;BTC;67272,60
2026-03-07;11:40;BTC;68136,49
2026-03-06;13:26;BTC;70841,13
2026-03-05;12:26;BTC;72710,58
2026-03-04;14:13;BTC;68293,65
2026-03-03;13:13;BTC;68775,85
2026-03-02;12:13;BTC;65738,10
2026-03-01;14:00;BTC;66995,86
2026-02-28;13:00;BTC;65881,80
2026-02-27;12:00;BTC;67453,77
2026-02-26;13:46;BTC;67960,12
2026-02-25;12:46;BTC;64080,04
2026-02-24;11:46;BTC;64616,74
2026-02-23;13:33;BTC;67659,39
2026-02-22;12:33;BTC;68003,76
2026-02-21;14:20;BTC;68005,42
2026-02-20;13:20;BTC;66957,52
2026-02-19;12:20;BTC;66425,32
2026-02-18;14:06;BTC;67494,22
2026-02-17;13:06;BTC;68843,15
2026-02-16;12:06;BTC;68788,19
2026-02-15;13:53;BTC;69767,62
2026-02-14;12:53;BTC;68857,84
2026-02-13;11:53;BTC;66221,84
2026-02-12;13:40;BTC;66991,97
2026-02-11;12:40;BTC;68793,96
2026-02-10;11:40;BTC;70120,78
2026-02-09;13:26;BTC;70264,72
2026-02-08;12:26;BTC;69281,97
2026-02-07;14:13;BTC;70555,39
2026-02-06;13:13;BTC;62702,10
2026-02-05;12:13;BTC;73019,70
2026-02-04;14:00;BTC;75633,55
2026-02-03;13:00;BTC;78688,76
2026-02-02;12:00;BTC;76974,44
2026-02-01;13:46;BTC;78621,11
2026-01-31;12:46;BTC;84128,66
2026-01-30;11:46;BTC;84561,58
2026-01-29;13:33;BTC;89184,57
2026-01-28;12:33;BTC;89102,57
2026-01-27;14:20;BTC;88267,14
2026-01-26;13:20;BTC;86572,22
2026-01-25;12:20;BTC;89110,74
2026-01-24;14:06;BTC;89503,88
2026-01-23;13:06;BTC;89462,45
2026-01-22;12:06;BTC;89376,96
2026-01-21;13:53;BTC;88310,90
2026-01-20;12:53;BTC;92553,60
2026-01-19;11:53;BTC;93634,43
2026-01-18;13:40;BTC;95099,92
2026-01-17;12:40;BTC;95525,12
2026-01-16;11:40;BTC;95551,19
2026-01-15;13:26;BTC;96929,33
2026-01-14;12:26;BTC;95321,78
2026-01-13;14:13;BTC;91192,99
2026-01-12;13:13;BTC;90827,46
2026-01-11;12:13;BTC;90386,65
2026-01-10;14:00;BTC;90513,10
2026-01-09;13:00;BTC;91027,13
2026-01-08;12:00;BTC;91308,05
2026-01-07;13:46;BTC;93729,03
2026-01-06;12:46;BTC;93882,55
2026-01-05;11:46;BTC;91413,49
2026-01-04;13:33;BTC;90603,19
2026-01-03;12:33;BTC;89944,69
2026-01-02;14:20;BTC;88731,99
2026-01-01;13:20;BTC;87508,83
2025-12-31;12:20;BTC;88430,14
2025-12-30;14:06;BTC;87138,14
2025-12-29;13:06;BTC;87835,83
2025-12-28;12:06;BTC;87802,16
2025-12-27;13:53;BTC;87301,43
2025-12-26;12:53;BTC;87234,74
2025-12-25;11:53;BTC;87611,96
2025-12-24;13:40;BTC;87414,00
2025-12-23;12:40;BTC;88490,02
2025-12-22;11:40;BTC;88621,75
2025-12-21;13:26;BTC;88344,00
2025-12-20;12:26;BTC;88103,38
2025-12-19;14:13;BTC;85462,51
2025-12-18;13:13;BTC;86143,76
2025-12-17;12:13;BTC;87843,99
2025-12-16;14:00;BTC;86419,78
2025-12-15;13:00;BTC;88175,18
2025-12-14;12:00;BTC;90298,71
2025-12-13;13:46;BTC;90270,41
2025-12-12;12:46;BTC;92511,34
2025-12-11;11:46;BTC;92020,95
2025-12-10;13:33;BTC;92691,71
2025-12-09;12:33;BTC;90640,21
2025-12-08;14:20;BTC;90405,64
2025-12-07;13:20;BTC;89272,37
2025-12-06;12:20;BTC;89387,75
2025-12-05;14:06;BTC;92141,62
2025-12-04;13:06;BTC;93527,80
2025-12-03;12:06;BTC;91350,21
2025-12-02;13:53;BTC;86321,57
2025-12-01;12:53;BTC;90394,31
2025-11-30;11:53;BTC;90851,75
2025-11-29;13:40;BTC;90919,27
2025-11-28;12:40;BTC;91285,37
2025-11-27;11:40;BTC;90518,37
2025-11-26;13:26;BTC;87341,89
2025-11-25;12:26;BTC;88270,56
2025-11-24;14:13;BTC;86805,01
2025-11-23;13:13;BTC;84648,36
2025-11-22;12:13;BTC;85090,69
2025-11-21;14:00;BTC;86631,90
2025-11-20;13:00;BTC;91465,99
2025-11-19;12:00;BTC;92948,87
2025-11-18;13:46;BTC;92093,87
2025-11-17;12:46;BTC;94177,07
2025-11-16;11:46;BTC;95549,15
2025-11-15;13:33;BTC;94397,79
2025-11-14;12:33;BTC;99697,49
2025-11-13;14:20;BTC;101663,19
2025-11-12;13:20;BTC;102997,47
2025-11-11;12:20;BTC;105996,60
2025-11-10;14:06;BTC;104719,64
2025-11-09;13:06;BTC;102282,11
2025-11-08;12:06;BTC;103372,41
2025-11-07;13:53;BTC;101301,29
2025-11-06;12:53;BTC;103891,84
2025-11-05;11:53;BTC;101590,52
2025-11-04;13:40;BTC;106547,52
2025-11-03;12:40;BTC;110639,63
2025-11-02;11:40;BTC;110064,02
2025-11-01;13:26;BTC;109556,16
2025-10-31;12:26;BTC;108305,55
2025-10-30;14:13;BTC;110055,30
2025-10-29;13:13;BTC;112956,17
2025-10-28;12:13;BTC;114119,32
2025-10-27;14:00;BTC;114472,44
2025-10-26;13:00;BTC;111641,73
2025-10-25;13:00;BTC;111033,92
2025-10-24;14:46;BTC;110069,72
2025-10-23;13:46;BTC;107688,59
2025-10-22;12:46;BTC;108476,89
2025-10-21;14:33;BTC;110588,93
2025-10-20;13:33;BTC;108666,71
2025-10-19;15:20;BTC;107198,27
2025-10-18;14:20;BTC;106467,79
2025-10-17;13:20;BTC;108186,04
2025-10-16;15:06;BTC;110783,17
2025-10-15;14:06;BTC;113118,67
2025-10-14;13:06;BTC;115271,08
2025-10-13;14:53;BTC;115169,76
2025-10-12;13:53;BTC;110807,88
2025-10-11;12:53;BTC;113214,37
2025-10-10;14:40;BTC;121705,58
2025-10-09;13:40;BTC;123354,87
2025-10-08;12:40;BTC;121451,38
2025-10-07;14:26;BTC;124752,53
2025-10-06;13:26;BTC;123513,47
2025-10-05;15:13;BTC;122425,43
2025-10-04;14:13;BTC;122266,53
2025-10-03;13:13;BTC;120681,26
2025-10-02;15:00;BTC;118648,93
2025-10-01;14:00;BTC;114056,08
2025-09-30;13:00;BTC;114400,39
2025-09-29;14:46;BTC;112122,64
2025-09-28;13:46;BTC;109681,94
2025-09-27;12:46;BTC;109712,83
2025-09-26;14:33;BTC;109049,29
2025-09-25;13:33;BTC;113328,63
2025-09-24;15:20;BTC;112014,50
2025-09-23;14:20;BTC;112748,51
2025-09-22;13:20;BTC;115306,10
2025-09-21;15:06;BTC;115721,96
2025-09-20;14:06;BTC;115688,86
2025-09-19;13:06;BTC;117137,20
2025-09-18;14:53;BTC;116468,51
2025-09-17;13:53;BTC;116843,18
2025-09-16;12:53;BTC;115444,87
2025-09-15;14:40;BTC;115407,65
2025-09-14;13:40;BTC;115950,51
2025-09-13;12:40;BTC;116101,58
2025-09-12;14:26;BTC;115507,54
2025-09-11;13:26;BTC;113955,36
2025-09-10;15:13;BTC;111530,55
2025-09-09;14:13;BTC;112071,43
2025-09-08;13:13;BTC;111167,62
2025-09-07;15:00;BTC;110224,70
2025-09-06;14:00;BTC;110650,99
2025-09-05;13:00;BTC;110723,60
2025-09-04;14:46;BTC;111723,21
2025-09-03;13:46;BTC;111200,59
2025-09-02;12:46;BTC;109250,59
2025-09-01;14:33;BTC;108236,71
2025-08-31;13:33;BTC;108808,07
2025-08-30;15:20;BTC;108410,84
2025-08-29;14:20;BTC;112544,80
2025-08-28;13:20;BTC;111222,06
2025-08-27;15:06;BTC;111802,66
2025-08-26;14:06;BTC;110124,35
2025-08-25;13:06;BTC;113458,43
2025-08-24;14:53;BTC;115374,33
2025-08-23;13:53;BTC;116874,09
2025-08-22;12:53;BTC;112419,03
2025-08-21;14:40;BTC;114274,74
2025-08-20;13:40;BTC;112831,18
2025-08-19;12:40;BTC;116252,31
2025-08-18;14:26;BTC;117453,06
2025-08-17;13:26;BTC;117491,35
2025-08-16;15:13;BTC;117398,35
2025-08-15;14:13;BTC;118359,58
2025-08-14;13:13;BTC;123344,06
2025-08-13;15:00;BTC;120172,91
2025-08-12;14:00;BTC;118731,45
2025-08-11;13:00;BTC;119306,76
2025-08-10;14:46;BTC;116500,36
2025-08-09;13:46;BTC;116688,73
2025-08-08;12:46;BTC;117496,90
2025-08-07;14:33;BTC;115028,00
2025-08-06;13:33;BTC;114141,44
2025-08-05;15:20;BTC;115071,88
2025-08-04;14:20;BTC;114217,67
2025-08-03;13:20;BTC;112526,91
2025-08-02;15:06;BTC;113320,09
2025-08-01;14:06;BTC;115758,20
2025-07-31;13:06;BTC;117831,19
2025-07-30;14:53;BTC;117922,15
2025-07-29;13:53;BTC;117924,47
2025-07-28;12:53;BTC;119448,49
2025-07-27;14:40;BTC;117947,37
2025-07-26;13:40;BTC;117635,88
2025-07-25;12:40;BTC;118368,00
2025-07-24;14:26;BTC;118754,96
2025-07-23;13:26;BTC;119995,42
2025-07-22;15:13;BTC;117439,54
2025-07-21;14:13;BTC;117300,79
2025-07-20;13:13;BTC;117939,98
2025-07-19;15:00;BTC;118003,22
2025-07-18;14:00;BTC;119289,84
2025-07-17;13:00;BTC;118738,51
2025-07-16;14:46;BTC;117777,19
2025-07-15;13:46;BTC;119849,71
2025-07-14;12:46;BTC;119116,12
2025-07-13;14:33;BTC;117435,23
2025-07-12;13:33;BTC;117516,99
2025-07-11;15:20;BTC;115987,21
2025-07-10;14:20;BTC;111326,55
2025-07-09;13:20;BTC;108950,28
2025-07-08;15:06;BTC;108299,85
2025-07-07;14:06;BTC;109232,07
2025-07-06;13:06;BTC;108231,18
2025-07-05;14:53;BTC;108034,34
2025-07-04;13:53;BTC;109647,98
2025-07-03;12:53;BTC;108859,32
2025-07-02;14:40;BTC;105698,28
2025-07-01;13:40;BTC;107135,33
2025-06-30;12:40;BTC;108385,57
2025-06-29;14:26;BTC;107327,70
2025-06-28;13:26;BTC;107088,43
2025-06-27;15:13;BTC;106960,00
2025-06-26;14:13;BTC;107361,26
2025-06-25;13:13;BTC;106045,63
2025-06-24;15:00;BTC;105577,77
2025-06-23;14:00;BTC;100987,14
2025-06-22;13:00;BTC;102257,41
2025-06-21;14:46;BTC;103309,60
2025-06-20;13:46;BTC;104684,29
2025-06-19;12:46;BTC;104883,33
2025-06-18;14:33;BTC;104601,12
2025-06-17;13:33;BTC;106796,76
2025-06-16;15:20;BTC;105552,03
2025-06-15;14:20;BTC;105472,41
2025-06-14;13:20;BTC;106090,97
2025-06-13;15:06;BTC;105929,05
2025-06-12;14:06;BTC;108686,63
2025-06-11;13:06;BTC;110257,24
2025-06-10;14:53;BTC;110294,10
2025-06-09;13:53;BTC;105793,65
2025-06-08;12:53;BTC;105615,63
2025-06-07;14:40;BTC;104390,35
2025-06-06;13:40;BTC;101575,95
2025-06-05;12:40;BTC;104731,98
2025-06-04;14:26;BTC;105432,47
2025-06-03;13:26;BTC;105881,53
2025-06-02;15:13;BTC;105652,10
2025-06-01;14:13;BTC;104638,09
2025-05-31;13:13;BTC;103998,57
2025-05-30;15:00;BTC;105641,76
2025-05-29;14:00;BTC;107802,32
2025-05-28;13:00;BTC;108994,64
2025-05-27;14:46;BTC;109440,37
2025-05-26;13:46;BTC;109035,39
2025-05-25;12:46;BTC;107791,16
2025-05-24;14:33;BTC;107287,80
2025-05-23;13:33;BTC;111673,28
2025-05-22;15:20;BTC;109678,08
2025-05-21;14:20;BTC;106791,09
2025-05-20;13:20;BTC;105606,18
2025-05-19;15:06;BTC;106446,01
2025-05-18;14:06;BTC;103191,09
2025-05-17;13:06;BTC;103489,29
2025-05-16;14:53;BTC;103744,64
2025-05-15;13:53;BTC;103539,42
2025-05-14;12:53;BTC;104169,81
2025-05-13;14:40;BTC;102812,95
2025-05-12;13:40;BTC;104106,36
2025-05-11;12:40;BTC;104696,33
2025-05-10;14:26;BTC;102970,85
2025-05-09;13:26;BTC;103241,46
2025-05-08;15:13;BTC;97032,32
2025-05-07;14:13;BTC;96802,48
2025-05-06;13:13;BTC;94748,05
2025-05-05;15:00;BTC;94315,97
2025-05-04;14:00;BTC;95891,80
2025-05-03;13:00;BTC;96910,07
2025-05-02;14:46;BTC;96492,34
2025-05-01;13:46;BTC;94207,31
2025-04-30;12:46;BTC;94284,79
2025-04-29;14:33;BTC;94978,75
2025-04-28;13:33;BTC;93754,85
2025-04-27;15:20;BTC;94646,93
2025-04-26;14:20;BTC;94720,50
2025-04-25;13:20;BTC;93943,79
2025-04-24;15:06;BTC;93699,11
2025-04-23;14:06;BTC;93441,89
2025-04-22;13:06;BTC;87518,91
2025-04-21;14:53;BTC;85174,30
2025-04-20;13:53;BTC;85063,41
2025-04-19;12:53;BTC;84450,81
2025-04-18;14:40;BTC;84895,75
2025-04-17;13:40;BTC;84033,87
2025-04-16;12:40;BTC;83668,99
2025-04-15;14:26;BTC;84542,39
2025-04-14;13:26;BTC;83684,98
2025-04-13;15:13;BTC;85287,11
2025-04-12;14:13;BTC;83404,84
2025-04-11;13:13;BTC;79626,14
2025-04-10;15:00;BTC;82573,95
2025-04-09;14:00;BTC;76271,95
2025-04-08;13:00;BTC;79235,33
2025-04-07;14:46;BTC;78214,48
2025-04-06;13:46;BTC;83504,80
2025-04-05;12:46;BTC;83843,80
2025-04-04;14:33;BTC;83102,83
2025-04-03;13:33;BTC;82485,71
2025-04-02;15:20;BTC;85169,17
2025-04-01;14:20;BTC;82548,91
2025-03-31;13:20;BTC;82334,52
2025-03-30;15:06;BTC;82597,58
2025-03-29;13:06;BTC;84353,15
2025-03-28;12:06;BTC;87177,10
2025-03-27;13:53;BTC;86900,89
2025-03-26;12:53;BTC;87471,70
2025-03-25;11:53;BTC;87498,91
2025-03-24;13:40;BTC;86054,37
2025-03-23;12:40;BTC;83832,49
2025-03-22;11:40;BTC;84043,25
2025-03-21;13:26;BTC;84167,19
2025-03-20;12:26;BTC;86854,23
2025-03-19;14:13;BTC;82718,50
2025-03-18;13:13;BTC;84075,69
2025-03-17;12:13;BTC;82579,69
2025-03-16;14:00;BTC;84343,11
2025-03-15;13:00;BTC;83969,10
2025-03-14;12:00;BTC;81066,70
2025-03-13;13:46;BTC;83722,36
2025-03-12;12:46;BTC;82862,21
2025-03-11;11:46;BTC;78532,00
2025-03-10;13:33;BTC;80601,04
2025-03-09;12:33;BTC;86154,59
2025-03-08;14:20;BTC;86742,68
2025-03-07;13:20;BTC;89961,73
2025-03-06;12:20;BTC;90623,56
2025-03-05;14:06;BTC;87222,19
2025-03-04;13:06;BTC;86065,67
2025-03-03;12:06;BTC;94248,35
2025-03-02;13:53;BTC;86031,91
2025-03-01;12:53;BTC;84373,01
2025-02-28;11:53;BTC;84704,22
2025-02-27;13:40;BTC;84347,02
2025-02-26;12:40;BTC;88736,17
2025-02-25;11:40;BTC;91418,17
2025-02-24;13:26;BTC;96273,92
2025-02-23;12:26;BTC;96577,76
2025-02-22;14:13;BTC;96125,54
2025-02-21;13:13;BTC;98333,94
2025-02-20;12:13;BTC;96635,61
2025-02-19;14:00;BTC;95539,54
2025-02-18;13:00;BTC;95773,38
2025-02-17;12:00;BTC;96175,03
2025-02-16;13:46;BTC;97580,35
2025-02-15;12:46;BTC;97508,97
2025-02-14;11:46;BTC;96623,87
2025-02-13;13:33;BTC;97885,86
2025-02-12;12:33;BTC;95747,43
2025-02-11;14:20;BTC;97437,56
2025-02-10;13:20;BTC;96500,09
2025-02-09;12:20;BTC;96482,45
2025-02-08;14:06;BTC;96529,08
2025-02-07;13:06;BTC;96593,30
2025-02-06;12:06;BTC;96615,44
2025-02-05;13:53;BTC;97871,82
2025-02-04;12:53;BTC;101405,42
2025-02-03;11:53;BTC;97688,98
2025-02-02;13:40;BTC;100655,91
2025-02-01;12:40;BTC;102405,03
2025-01-31;11:40;BTC;104735,30
2025-01-30;13:26;BTC;103703,21
2025-01-29;12:26;BTC;101332,48
2025-01-28;14:13;BTC;102087,69
2025-01-27;13:13;BTC;102682,50
2025-01-26;12:13;BTC;104714,65
2025-01-25;14:00;BTC;104819,48
2025-01-24;13:00;BTC;103960,17
2025-01-23;12:00;BTC;103653,07
2025-01-22;13:46;BTC;106146,26
2025-01-21;12:46;BTC;102016,66
2025-01-20;11:46;BTC;101089,61
2025-01-19;13:33;BTC;104408,07
2025-01-18;12:33;BTC;104462,04
2025-01-17;14:20;BTC;99756,91
2025-01-16;13:20;BTC;100504,49
2025-01-15;12:20;BTC;96534,04
2025-01-14;14:06;BTC;94516,53
2025-01-13;13:06;BTC;94488,44
2025-01-12;12:06;BTC;94566,59
2025-01-11;13:53;BTC;94701,46
2025-01-10;12:53;BTC;92484,04
2025-01-09;11:53;BTC;95043,52
2025-01-08;13:40;BTC;96922,71
2025-01-07;12:40;BTC;102078,09
2025-01-06;11:40;BTC;98314,96
2025-01-05;13:26;BTC;98236,23
2025-01-04;12:26;BTC;98107,43
2025-01-03;14:13;BTC;96886,88
2025-01-02;13:13;BTC;94419,76
2025-01-01;12:13;BTC;93429,20
2024-12-31;14:00;BTC;92643,21
2024-12-30;13:00;BTC;93530,23
2024-12-29;12:00;BTC;95163,93
2024-12-28;13:46;BTC;94164,86
2024-12-27;12:46;BTC;95795,52
2024-12-26;11:46;BTC;99299,19
2024-12-25;13:33;BTC;98676,10
2024-12-24;12:33;BTC;94686,24
2024-12-23;14:20;BTC;95104,93
2024-12-22;13:20;BTC;97224,73
2024-12-21;12:20;BTC;97755,93
2024-12-20;14:06;BTC;97490,95
2024-12-19;13:06;BTC;100041,54
2024-12-18;12:06;BTC;106140,60
2024-12-17;13:53;BTC;106029,72
2024-12-16;12:53;BTC;104298,70
2024-12-15;11:53;BTC;101372,97
2024-12-14;13:40;BTC;101459,25
2024-12-13;12:40;BTC;100043,00
2024-12-12;11:40;BTC;101173,03
2024-12-11;13:26;BTC;96675,43
2024-12-10;12:26;BTC;97432,72
2024-12-09;14:13;BTC;101236,01
2024-12-08;13:13;BTC;99923,34
2024-12-07;12:13;BTC;99920,71
2024-12-06;14:00;BTC;96593,57
2024-12-05;13:00;BTC;98768,53
2024-12-04;12:00;BTC;96002,16
2024-12-03;13:46;BTC;95865,30
2024-12-02;12:46;BTC;97279,79
2024-12-01;11:46;BTC;96449,06
2024-11-30;13:33;BTC;97461,52
2024-11-29;12:33;BTC;95652,47
2024-11-28;14:20;BTC;95962,53
2024-11-27;13:20;BTC;91985,32
2024-11-26;12:20;BTC;93102,30
2024-11-25;14:06;BTC;98013,82
2024-11-24;13:06;BTC;97777,28
2024-11-23;12:06;BTC;98997,66
2024-11-22;13:53;BTC;98504,73
2024-11-21;12:53;BTC;94339,50
2024-11-20;11:53;BTC;92343,79
2024-11-19;13:40;BTC;90542,64
2024-11-18;12:40;BTC;89845,85
2024-11-17;11:40;BTC;90558,48
2024-11-16;13:26;BTC;91066,01
2024-11-15;12:26;BTC;87250,43
2024-11-14;14:13;BTC;90584,17
2024-11-13;13:13;BTC;87955,81
2024-11-12;12:13;BTC;88701,49
2024-11-11;14:00;BTC;80474,19
2024-11-10;13:00;BTC;76583,52
2024-11-09;12:00;BTC;76545,48
2024-11-08;13:46;BTC;75904,86
2024-11-07;12:46;BTC;75639,08
2024-11-06;11:46;BTC;69359,57
2024-11-05;13:33;BTC;67811,51
2024-11-04;12:33;BTC;68741,12
2024-11-03;14:20;BTC;69289,28
2024-11-02;13:20;BTC;69482,47
2024-11-01;12:20;BTC;70215,19
2024-10-31;14:06;BTC;72339,54
2024-10-30;13:06;BTC;72720,49
2024-10-29;12:06;BTC;69907,75
2024-10-28;13:53;BTC;67929,30
2024-10-27;12:53;BTC;67014,70
2024-10-26;12:53;BTC;66642,41
2024-10-25;14:40;BTC;68161,05
2024-10-24;13:40;BTC;66432,20
2024-10-23;12:40;BTC;67361,40
2024-10-22;14:26;BTC;67367,85
2024-10-21;13:26;BTC;69001,71
2024-10-20;15:13;BTC;68362,73
2024-10-19;14:13;BTC;68418,79
2024-10-18;13:13;BTC;67399,83
2024-10-17;15:00;BTC;67612,72
2024-10-16;14:00;BTC;67041,11
2024-10-15;13:00;BTC;66046,13
2024-10-14;14:46;BTC;62851,37
2024-10-13;13:46;BTC;63193,02
2024-10-12;12:46;BTC;62445,09
2024-10-11;14:33;BTC;60274,50
2024-10-10;13:33;BTC;60582,10
2024-10-09;15:20;BTC;62131,97
2024-10-08;14:20;BTC;62236,66
2024-10-07;13:20;BTC;62818,95
2024-10-06;15:06;BTC;62089,95
2024-10-05;14:06;BTC;62067,48
2024-10-04;13:06;BTC;60759,40
2024-10-03;14:53;BTC;60632,79
2024-10-02;13:53;BTC;60837,01
2024-10-01;12:53;BTC;63329,50
2024-09-30;14:40;BTC;65635,31
2024-09-29;13:40;BTC;65887,65
2024-09-28;12:40;BTC;65790,66
2024-09-27;14:26;BTC;65181,02
2024-09-26;13:26;BTC;63143,15
2024-09-25;15:13;BTC;64301,97
2024-09-24;14:13;BTC;63329,80
2024-09-23;13:13;BTC;63648,71
2024-09-22;15:00;BTC;63394,84
2024-09-21;14:00;BTC;63192,98
2024-09-20;13:00;BTC;62940,46
2024-09-19;14:46;BTC;61649,68
2024-09-18;13:46;BTC;60308,54
2024-09-17;12:46;BTC;58192,51
2024-09-16;14:33;BTC;59182,84
2024-09-15;13:33;BTC;60005,12
2024-09-14;15:20;BTC;60571,30
2024-09-13;14:20;BTC;58127,01
2024-09-12;13:20;BTC;57343,17
2024-09-11;15:06;BTC;57648,71
2024-09-10;14:06;BTC;57019,53
2024-09-09;13:06;BTC;54841,57
2024-09-08;14:53;BTC;54139,69
2024-09-07;13:53;BTC;53948,75
2024-09-06;12:53;BTC;56160,49
2024-09-05;14:40;BTC;57971,54
2024-09-04;13:40;BTC;57431,02
2024-09-03;12:40;BTC;59112,48
2024-09-02;14:26;BTC;57325,49
2024-09-01;13:26;BTC;58969,90
2024-08-31;15:13;BTC;59119,47
2024-08-30;14:13;BTC;59388,18
2024-08-29;13:13;BTC;59027,63
2024-08-28;15:00;BTC;59504,13
2024-08-27;14:00;BTC;62880,66
2024-08-26;13:00;BTC;64333,54
2024-08-25;14:46;BTC;64178,99
2024-08-24;13:46;BTC;64094,36
2024-08-23;12:46;BTC;60381,91
2024-08-22;14:33;BTC;61175,19
2024-08-21;13:33;BTC;59012,79
2024-08-20;15:20;BTC;59493,45
2024-08-19;14:20;BTC;58483,96
2024-08-18;13:20;BTC;59478,97
2024-08-17;15:06;BTC;58894,10
2024-08-16;14:06;BTC;57560,10
2024-08-15;13:06;BTC;58737,27
2024-08-14;14:53;BTC;60609,57
2024-08-13;13:53;BTC;59354,51
2024-08-12;12:53;BTC;58719,48
2024-08-11;14:40;BTC;60945,81
2024-08-10;13:40;BTC;60880,11
2024-08-09;12:40;BTC;61710,14
2024-08-08;14:26;BTC;55027,46
2024-08-07;13:26;BTC;56034,32
2024-08-06;15:13;BTC;53991,46
2024-08-05;14:13;BTC;58116,98
2024-08-04;13:13;BTC;60680,09
2024-08-03;15:00;BTC;61415,06
2024-08-02;14:00;BTC;65357,50
2024-08-01;13:00;BTC;64619,25
2024-07-31;14:46;BTC;66201,02
2024-07-30;13:46;BTC;66819,92
2024-07-29;12:46;BTC;68255,87
2024-07-28;14:33;BTC;67813,34
2024-07-27;13:33;BTC;67912,06
2024-07-26;15:20;BTC;65777,22
2024-07-25;14:20;BTC;65372,13
2024-07-24;13:20;BTC;65927,67
2024-07-23;15:06;BTC;67585,25
2024-07-22;14:06;BTC;68154,52
2024-07-21;13:06;BTC;67163,64
2024-07-20;14:53;BTC;66710,15
2024-07-19;13:53;BTC;63974,07
2024-07-18;12:53;BTC;64118,79
2024-07-17;14:40;BTC;65097,15
2024-07-16;13:40;BTC;64870,15
2024-07-15;12:40;BTC;60787,79
2024-07-14;14:26;BTC;59231,95
2024-07-13;13:26;BTC;57899,47
2024-07-12;15:13;BTC;57344,91
2024-07-11;14:13;BTC;57742,49
2024-07-10;13:13;BTC;58009,23
2024-07-09;15:00;BTC;56705,10
2024-07-08;14:00;BTC;55849,11
2024-07-07;13:00;BTC;58303,54
2024-07-06;14:46;BTC;56662,37
2024-07-05;13:46;BTC;56977,70
2024-07-04;12:46;BTC;60173,92
2024-07-03;14:33;BTC;62029,02
2024-07-02;13:33;BTC;62851,98
2024-07-01;15:20;BTC;62678,29
2024-06-30;14:20;BTC;60887,38
2024-06-29;13:20;BTC;60320,14
2024-06-28;15:06;BTC;61604,80
2024-06-27;14:06;BTC;60811,28
2024-06-26;13:06;BTC;61804,64
2024-06-25;14:53;BTC;60277,41
2024-06-24;13:53;BTC;63180,80
2024-06-23;12:53;BTC;64252,58
2024-06-22;14:40;BTC;64096,20
2024-06-21;13:40;BTC;64828,66
2024-06-20;12:40;BTC;64960,30
2024-06-19;14:26;BTC;65140,74
2024-06-18;13:26;BTC;66490,29
2024-06-17;15:13;BTC;66639,05
2024-06-16;14:13;BTC;66191,00
2024-06-15;13:13;BTC;66011,09
2024-06-14;15:00;BTC;66756,40
2024-06-13;14:00;BTC;68241,18
2024-06-12;13:00;BTC;67332,03
2024-06-11;14:46;BTC;69512,28
2024-06-10;13:46;BTC;69647,99
2024-06-09;12:46;BTC;69305,77
2024-06-08;14:33;BTC;69342,59
2024-06-07;13:33;BTC;70757,17
2024-06-06;15:20;BTC;71082,82
2024-06-05;14:20;BTC;70567,77
2024-06-04;13:20;BTC;68804,78
2024-06-03;15:06;BTC;67751,60
2024-06-02;14:06;BTC;67706,94
2024-06-01;13:06;BTC;67491,42
2024-05-31;14:53;BTC;68364,99
2024-05-30;13:53;BTC;67578,09
2024-05-29;12:53;BTC;68296,22
2024-05-28;14:40;BTC;69394,55
2024-05-27;13:40;BTC;68518,09
2024-05-26;12:40;BTC;69265,94
2024-05-25;14:26;BTC;68526,10
2024-05-24;13:26;BTC;67929,56
2024-05-23;15:13;BTC;69122,34
2024-05-22;14:13;BTC;70136,53
2024-05-21;13:13;BTC;71448,20
2024-05-20;15:00;BTC;66278,37
2024-05-19;14:00;BTC;66940,80
2024-05-18;13:00;BTC;67051,87
2024-05-17;14:46;BTC;65231,58
2024-05-16;13:46;BTC;66267,49
2024-05-15;12:46;BTC;61552,79
2024-05-14;14:33;BTC;62901,45
2024-05-13;13:33;BTC;61448,39
2024-05-12;15:20;BTC;60793,71
2024-05-11;14:20;BTC;60792,78
2024-05-10;13:20;BTC;63049,96
2024-05-09;15:06;BTC;61187,94
2024-05-08;14:06;BTC;62334,82
2024-05-07;13:06;BTC;63161,95
2024-05-06;14:53;BTC;64031,13
2024-05-05;13:53;BTC;63891,47
2024-05-04;12:53;BTC;62889,84
2024-05-03;14:40;BTC;59123,43
2024-05-02;13:40;BTC;58254,01
2024-05-01;12:40;BTC;60636,86
2024-04-30;14:26;BTC;63841,12
2024-04-29;13:26;BTC;63113,23
2024-04-28;15:13;BTC;63419,14
2024-04-27;14:13;BTC;63755,32
2024-04-26;13:13;BTC;64481,71
2024-04-25;15:00;BTC;64276,90
2024-04-24;14:00;BTC;66407,27
2024-04-23;13:00;BTC;66837,68
2024-04-22;14:46;BTC;64926,64
2024-04-21;13:46;BTC;64994,44
2024-04-20;12:46;BTC;63843,57
2024-04-19;14:33;BTC;63512,75
2024-04-18;13:33;BTC;61276,69
2024-04-17;15:20;BTC;63811,86
2024-04-16;14:20;BTC;63426,21
2024-04-15;13:20;BTC;65738,72
2024-04-14;15:06;BTC;63821,47
2024-04-13;14:06;BTC;67195,86
2024-04-12;13:06;BTC;70060,61
2024-04-11;14:53;BTC;70587,88
2024-04-10;13:53;BTC;69139,02
2024-04-09;12:53;BTC;71631,36
2024-04-08;14:40;BTC;69362,55
2024-04-07;13:40;BTC;68896,11
2024-04-06;12:40;BTC;67837,64
2024-04-05;14:26;BTC;68508,84
2024-04-04;13:26;BTC;65980,81
2024-04-03;15:13;BTC;65446,97
2024-04-02;14:13;BTC;69702,15
2024-04-01;13:13;BTC;71333,65
2024-03-31;15:00;BTC;69645,31
2024-03-30;13:00;BTC;69892,83
2024-03-29;12:00;BTC;70744,95
2024-03-28;13:46;BTC;69455,34
2024-03-27;12:46;BTC;69987,84
2024-03-26;11:46;BTC;69958,81
2024-03-25;13:33;BTC;67234,17
2024-03-24;12:33;BTC;64062,20
2024-03-23;14:20;BTC;63778,76
2024-03-22;13:20;BTC;65491,39
2024-03-21;12:20;BTC;67913,67
2024-03-20;14:06;BTC;61912,77
2024-03-19;13:06;BTC;67548,59
2024-03-18;12:06;BTC;68390,62
2024-03-17;13:53;BTC;65315,12
2024-03-16;12:53;BTC;69403,77
2024-03-15;11:53;BTC;71396,59
2024-03-14;13:40;BTC;73083,50
2024-03-13;12:40;BTC;71481,29
2024-03-12;11:40;BTC;72123,90
2024-03-11;13:26;BTC;69019,79
2024-03-10;12:26;BTC;68498,88
2024-03-09;14:13;BTC;68300,10
2024-03-08;13:13;BTC;66925,48
2024-03-07;12:13;BTC;66106,80
2024-03-06;14:00;BTC;63801,20
2024-03-05;13:00;BTC;68330,42
2024-03-04;12:00;BTC;63167,37
2024-03-03;13:46;BTC;62029,85
2024-03-02;12:46;BTC;62440,63
2024-03-01;11:46;BTC;61198,38
2024-02-29;13:33;BTC;62504,79
2024-02-28;12:33;BTC;57085,37
2024-02-27;14:20;BTC;54522,40
2024-02-26;13:20;BTC;51733,24
2024-02-25;12:20;BTC;51571,10
2024-02-24;14:06;BTC;50731,95
2024-02-23;13:06;BTC;51304,97
2024-02-22;12:06;BTC;51839,18
2024-02-21;13:53;BTC;52284,87
2024-02-20;12:53;BTC;51779,14
2024-02-19;11:53;BTC;52122,55
2024-02-18;13:40;BTC;51663,00
2024-02-17;12:40;BTC;52160,20
2024-02-16;11:40;BTC;51938,56
2024-02-15;13:26;BTC;51826,70
2024-02-14;12:26;BTC;49742,44
2024-02-13;14:13;BTC;49958,22
2024-02-12;13:13;BTC;48293,92
2024-02-11;12:13;BTC;47771,28
2024-02-10;14:00;BTC;47147,20
2024-02-09;13:00;BTC;45301,57
2024-02-08;12:00;BTC;44318,22
2024-02-07;13:46;BTC;43084,67
2024-02-06;12:46;BTC;42658,67
2024-02-05;11:46;BTC;42583,58
2024-02-04;13:33;BTC;42992,25
2024-02-03;12:33;BTC;43185,86
2024-02-02;14:20;BTC;43075,77
2024-02-01;13:20;BTC;42582,61
2024-01-31;12:20;BTC;42952,61
2024-01-30;14:06;BTC;43288,25
2024-01-29;13:06;BTC;42035,59
2024-01-28;12:06;BTC;42120,06
2024-01-27;13:53;BTC;41816,87
2024-01-26;12:53;BTC;39933,81
2024-01-25;11:53;BTC;40077,07
2024-01-24;13:40;BTC;39845,55
2024-01-23;12:40;BTC;39507,37
2024-01-22;11:40;BTC;41545,78
2024-01-21;13:26;BTC;41665,58
2024-01-20;12:26;BTC;41618,41
2024-01-19;14:13;BTC;41262,06
2024-01-18;13:13;BTC;42742,65
2024-01-17;12:13;BTC;43154,94
2024-01-16;14:00;BTC;42511,97
2024-01-15;13:00;BTC;41796,27
2024-01-14;12:00;BTC;42842,38
2024-01-13;13:46;BTC;42853,17
2024-01-12;12:46;BTC;46368,59
2024-01-11;11:46;BTC;46627,78
2024-01-10;13:33;BTC;46139,73
2024-01-09;12:33;BTC;46970,50
2024-01-08;14:20;BTC;43943,10
2024-01-07;13:20;BTC;43989,19
2024-01-06;12:20;BTC;44162,69
2024-01-05;14:06;BTC;44179,92
2024-01-04;13:06;BTC;42848,18
2024-01-03;12:06;BTC;44957,97
2024-01-02;13:53;BTC;44167,33
2024-01-01;12:53;BTC;42265,19
2023-12-31;11:53;BTC;42156,90
2023-12-30;13:40;BTC;42099,40
2023-12-29;12:40;BTC;42627,85
2023-12-28;11:40;BTC;43442,85
2023-12-27;13:26;BTC;42520,40
2023-12-26;12:26;BTC;43613,14
2023-12-25;14:13;BTC;43016,12
2023-12-24;13:13;BTC;43739,54
2023-12-23;12:13;BTC;43997,90
2023-12-22;14:00;BTC;43869,15
2023-12-21;13:00;BTC;43652,25
2023-12-20;12:00;BTC;42270,53
2023-12-19;13:46;BTC;42623,54
2023-12-18;12:46;BTC;41364,67
2023-12-17;11:46;BTC;42240,12
2023-12-16;13:33;BTC;41929,76
2023-12-15;12:33;BTC;43023,97
2023-12-14;14:20;BTC;42890,74
2023-12-13;13:20;BTC;41450,22
2023-12-12;12:20;BTC;41243,83
2023-12-11;14:06;BTC;43779,70
2023-12-10;13:06;BTC;43725,99
2023-12-01;12:26;BTC;37712,75
2023-11-30;14:13;BTC;37858,49
2023-11-29;13:13;BTC;37831,09
2023-11-28;12:13;BTC;37254,17
2023-11-27;14:00;BTC;37479,12
2023-11-26;13:00;BTC;37796,79
2023-11-25;12:00;BTC;37720,28
2023-11-24;13:46;BTC;37289,62
2023-11-23;12:46;BTC;37432,34
2023-11-22;11:46;BTC;35813,81
2023-11-21;13:33;BTC;37476,96
2023-11-20;12:33;BTC;37386,55
2023-11-19;14:20;BTC;36585,70
2023-11-18;13:20;BTC;36596,68
2023-11-17;12:20;BTC;36154,77
2023-11-16;14:06;BTC;37880,58
2023-11-15;13:06;BTC;35537,64
2023-11-06;12:26;BTC;35049,36
2023-11-05;14:13;BTC;35082,20
2023-11-02;14:00;BTC;35437,25
2023-11-01;13:00;BTC;34667,78
2023-10-31;12:00;BTC;34502,36
2023-10-30;13:46;BTC;34538,48
2023-10-29;12:46;BTC;34089,58
2023-10-28;12:46;BTC;33909,80
2023-10-27;14:33;BTC;34156,65
2023-10-26;13:33;BTC;34502,82
2023-10-25;15:20;BTC;33901,53
2023-10-24;14:20;BTC;33086,23
2023-10-23;13:20;BTC;29993,90
2023-10-22;15:06;BTC;29918,41
2023-10-21;14:06;BTC;29682,95
2023-10-20;13:06;BTC;28719,81
2023-10-19;14:53;BTC;28328,34
2023-10-18;13:53;BTC;28415,75
2023-10-17;12:53;BTC;28519,47
2023-10-16;14:40;BTC;27159,65
2023-10-15;13:40;BTC;26861,71
2023-10-14;12:40;BTC;26862,38
2023-10-13;14:26;BTC;26756,80
2023-10-12;13:26;BTC;26873,32
2023-10-11;15:13;BTC;27391,02
2023-10-10;14:13;BTC;27583,68
2023-10-09;13:13;BTC;27935,09
2023-10-08;15:00;BTC;27968,84
2023-10-07;14:00;BTC;27946,60
2023-10-06;13:00;BTC;27415,91
2023-10-05;14:46;BTC;27799,39
2023-10-04;13:46;BTC;27429,98
2023-10-03;12:46;BTC;27530,78
2023-10-02;14:33;BTC;27983,75
2023-10-01;13:33;BTC;26967,92
2023-09-30;15:20;BTC;26911,72
2023-09-29;14:20;BTC;27021,55
2023-09-28;13:20;BTC;26352,72
2023-09-27;15:06;BTC;26217,25
2023-09-26;14:06;BTC;26298,48
2023-09-25;13:06;BTC;26256,83
2023-09-23;13:53;BTC;26579,57
2023-09-18;14:26;BTC;26534,19
2023-09-17;13:26;BTC;26568,28
2023-09-16;15:13;BTC;26608,69
2023-09-15;14:13;BTC;26539,67
2023-09-14;13:13;BTC;26228,32
2023-09-13;15:00;BTC;25833,34
2023-09-12;14:00;BTC;25162,66
2023-09-11;13:00;BTC;25832,23
2023-09-10;14:46;BTC;25895,68
2023-09-09;13:46;BTC;25905,65
2023-09-08;12:46;BTC;26240,19
2023-09-07;14:33;BTC;25753,24
2023-09-06;13:33;BTC;25779,98
2023-09-05;15:20;BTC;25812,42
2023-09-04;14:20;BTC;25969,57
2023-09-03;13:20;BTC;25868,80
2023-09-02;15:06;BTC;25800,72
2023-09-01;14:06;BTC;25931,47
2023-08-31;13:06;BTC;27297,27
2023-08-30;14:53;BTC;27727,39
2023-08-29;13:53;BTC;26106,15
2023-08-28;12:53;BTC;26089,69
2023-08-27;14:40;BTC;26008,46
2023-08-26;13:40;BTC;26047,67
2023-08-25;12:40;BTC;26162,37
2023-08-24;14:26;BTC;26431,64
2023-08-23;13:26;BTC;26031,66
2023-08-22;15:13;BTC;26124,14
2023-08-21;14:13;BTC;26189,58
2023-08-20;13:13;BTC;26096,20
2023-08-19;15:00;BTC;26049,56
2023-08-18;14:00;BTC;26664,55
2023-08-17;13:00;BTC;28701,78
2023-08-16;14:46;BTC;29170,35
2023-08-15;13:46;BTC;29408,44
2023-08-14;12:46;BTC;29282,91
2023-08-13;14:33;BTC;29415,96
2023-08-12;13:33;BTC;29397,72
2023-08-11;15:20;BTC;29429,59
2023-08-10;14:20;BTC;29561,49
2023-08-09;13:20;BTC;29765,49
2023-08-08;15:06;BTC;29180,58
2023-08-07;14:06;BTC;29041,86
2023-08-06;13:06;BTC;29042,13
2023-08-05;14:53;BTC;29074,09
2023-08-04;13:53;BTC;29178,68
2023-08-03;12:53;BTC;29151,96
2023-08-02;14:40;BTC;29675,73
2023-08-01;13:40;BTC;29230,11
2023-07-31;12:40;BTC;29275,31
2023-07-30;14:26;BTC;29356,92
2023-07-29;13:26;BTC;29319,25
2023-07-28;15:13;BTC;29210,69
2023-07-27;14:13;BTC;29354,97
2023-07-26;13:13;BTC;29227,39
2023-07-25;15:00;BTC;29176,92
2023-07-24;14:00;BTC;30084,54
2023-07-23;13:00;BTC;29771,80
2023-07-22;14:46;BTC;29908,74
2023-07-21;13:46;BTC;29792,02
2023-07-20;12:46;BTC;29913,92
2023-07-19;14:33;BTC;29856,56
2023-07-18;13:33;BTC;30145,89
2023-07-17;15:20;BTC;30249,13
2023-07-16;14:20;BTC;30295,81
2023-07-15;13:20;BTC;30334,07
2023-07-14;15:06;BTC;31476,05
2023-07-13;14:06;BTC;30391,65
2023-07-12;13:06;BTC;30620,95
2023-07-11;14:53;BTC;30414,47
2023-07-10;13:53;BTC;30171,23
2023-07-09;12:53;BTC;30292,54
2023-07-08;14:40;BTC;30342,26
2023-07-07;13:40;BTC;29909,34
2023-07-06;12:40;BTC;30514,17
2023-07-05;14:26;BTC;30777,58
2023-07-04;13:26;BTC;31156,44
2023-07-03;15:13;BTC;30620,77
2023-07-02;14:13;BTC;30590,08
2023-07-01;13:13;BTC;30477,25
2023-06-30;15:00;BTC;30445,35
2023-06-29;14:00;BTC;30086,25
2023-06-28;13:00;BTC;30688,16
2023-06-27;14:46;BTC;30271,13
2023-06-26;13:46;BTC;30480,26
2023-06-25;12:46;BTC;30548,69
2023-06-24;14:33;BTC;30695,47
2023-06-23;13:33;BTC;29912,28
2023-06-22;15:20;BTC;30027,30
2023-06-21;14:20;BTC;28327,49
2023-06-20;13:20;BTC;26851,03
2023-06-19;15:06;BTC;26336,21
2023-06-18;14:06;BTC;26510,68
2023-06-17;13:06;BTC;26327,46
2023-06-16;14:53;BTC;25576,39
2023-06-15;13:53;BTC;25124,68
2023-06-14;12:53;BTC;25918,73
2023-06-13;14:40;BTC;25902,50
2023-06-12;13:40;BTC;25940,17
2023-06-11;12:40;BTC;25851,24
2023-06-10;14:26;BTC;26480,38
2023-06-09;13:26;BTC;26508,22
2023-06-08;15:13;BTC;26346,00
2023-06-07;14:13;BTC;27238,78
2023-06-06;13:13;BTC;25760,10
2023-06-05;15:00;BTC;27119,07
2023-06-04;14:00;BTC;27075,13
2023-06-03;13:00;BTC;27249,59
2023-06-02;14:46;BTC;26819,97
2023-06-01;13:46;BTC;27219,66
2023-05-31;12:46;BTC;27702,35
2023-05-30;14:33;BTC;27745,88
2023-05-29;13:33;BTC;28085,65
2023-05-28;15:20;BTC;26868,35
2023-05-27;14:20;BTC;26719,29
2023-05-26;13:20;BTC;26476,21
2023-05-25;15:06;BTC;26334,82
2023-05-24;14:06;BTC;27225,73
2023-05-23;13:06;BTC;26851,28
2023-05-22;14:53;BTC;26753,83
2023-05-21;13:53;BTC;27129,59
2023-05-20;12:53;BTC;26890,13
2023-05-19;14:40;BTC;26832,21
2023-05-18;13:40;BTC;27398,80
2023-05-17;12:40;BTC;27036,65
2023-05-16;14:26;BTC;27192,69
2023-05-15;13:26;BTC;26930,64
2023-05-14;15:13;BTC;26784,08
2023-05-13;14:13;BTC;26804,99
2023-05-12;13:13;BTC;27000,79
2023-05-11;15:00;BTC;27621,76
2023-05-10;14:00;BTC;27658,77
2023-05-09;13:00;BTC;27694,27
2023-05-08;14:46;BTC;28454,98
2023-05-07;13:46;BTC;28904,62
2023-05-06;12:46;BTC;29534,38
2023-05-05;14:33;BTC;28847,71
2023-05-04;13:33;BTC;29006,31
2023-05-03;15:20;BTC;28680,54
2023-05-02;14:20;BTC;28091,57
2023-05-01;13:20;BTC;29268,81
2023-04-30;15:06;BTC;29248,49
2023-04-29;14:06;BTC;29340,26
2023-04-28;13:06;BTC;29473,79
2023-04-27;14:53;BTC;28422,70
2023-04-26;13:53;BTC;28307,60
2023-04-25;12:53;BTC;27525,34
2023-04-24;14:40;BTC;27591,38
2023-04-23;13:40;BTC;27817,50
2023-04-22;12:40;BTC;27276,91
2023-04-21;14:26;BTC;28245,99
2023-04-20;13:26;BTC;28822,68
2023-04-19;15:13;BTC;30397,55
2023-04-18;14:13;BTC;29445,04
2023-04-17;13:13;BTC;30315,36
2023-04-16;15:00;BTC;30318,50
2023-04-15;14:00;BTC;30485,70
2023-04-14;13:00;BTC;30399,07
2023-04-13;14:46;BTC;30139,05
2023-04-12;13:46;BTC;30235,06
2023-04-11;12:46;BTC;29652,98
2023-04-10;14:33;BTC;28333,05
2023-04-09;13:33;BTC;27947,79
2023-04-08;15:20;BTC;27925,86
2023-04-07;14:20;BTC;28044,14
2023-04-06;13:20;BTC;28177,98
2023-04-05;15:06;BTC;28168,09
2023-04-04;14:06;BTC;27790,22
2023-04-03;13:06;BTC;28199,31
2023-04-02;14:53;BTC;28411,03
2023-04-01;13:53;BTC;28478,48
2023-03-31;12:53;BTC;28033,56
2023-03-30;14:40;BTC;28348,44
2023-03-29;13:40;BTC;27268,13
2023-03-28;12:40;BTC;27139,89
2023-03-27;14:26;BTC;27994,33
2023-03-26;13:26;BTC;27494,71
2023-03-25;14:13;BTC;27493,29
2023-03-24;13:13;BTC;28333,97
2023-03-23;12:13;BTC;27307,44
2023-03-22;14:00;BTC;28175,82
2023-03-21;13:00;BTC;27767,24
2023-03-20;12:00;BTC;28038,67
2023-03-19;13:46;BTC;26965,88
2023-03-18;12:46;BTC;27423,93
2023-03-17;11:46;BTC;25052,79
2023-03-16;13:33;BTC;24375,96
2023-03-15;12:33;BTC;24746,07
2023-03-14;14:20;BTC;24197,53
2023-03-13;13:20;BTC;22163,95
2023-03-12;12:20;BTC;20632,41
2023-03-11;14:06;BTC;20187,24
2023-03-10;13:06;BTC;20363,02
2023-03-09;12:06;BTC;21718,08
2023-03-08;13:53;BTC;22219,77
2023-03-07;12:53;BTC;22429,76
2023-03-06;11:53;BTC;22435,51
2023-03-05;13:40;BTC;22353,35
2023-03-04;12:40;BTC;22362,68
2023-03-03;11:40;BTC;23475,47
2023-03-02;13:26;BTC;23646,55
2023-03-01;12:26;BTC;23147,35
2023-02-28;14:13;BTC;23522,87
2023-02-27;13:13;BTC;23561,21
2023-02-26;12:13;BTC;23175,38
2023-02-25;14:00;BTC;23198,13
2023-02-24;13:00;BTC;23947,49
2023-02-23;12:00;BTC;24188,84
2023-02-22;13:46;BTC;24436,35
2023-02-21;12:46;BTC;24829,15
2023-02-20;11:46;BTC;24327,64
2023-02-19;13:33;BTC;24641,28
2023-02-18;12:33;BTC;24565,60
2023-02-17;14:20;BTC;23623,47
2023-02-16;13:20;BTC;24307,84
2023-02-15;12:20;BTC;22220,80
2023-02-14;14:06;BTC;21808,10
2023-02-13;13:06;BTC;21788,20
2023-02-12;12:06;BTC;21870,87
2023-02-11;13:53;BTC;21651,18
2023-02-10;12:53;BTC;21819,04
2023-02-09;11:53;BTC;22939,40
2023-02-08;13:40;BTC;23264,29
2023-02-07;12:40;BTC;22760,11
2023-02-06;11:40;BTC;22955,67
2023-02-05;13:26;BTC;23331,85
2023-02-04;12:26;BTC;23449,32
2023-02-03;14:13;BTC;23471,87
2023-02-02;13:13;BTC;23723,77
2023-02-01;12:13;BTC;23139,28
2023-01-31;14:00;BTC;22840,14
2023-01-30;13:00;BTC;23774,57
2023-01-29;12:00;BTC;23031,09
2023-01-28;13:46;BTC;23078,73
2023-01-27;12:46;BTC;23032,78
2023-01-26;11:46;BTC;23117,86
2023-01-25;13:33;BTC;22636,47
2023-01-24;12:33;BTC;22934,43
2023-01-23;14:20;BTC;22720,42
2023-01-22;13:20;BTC;22777,63
2023-01-21;12:20;BTC;22676,55
2023-01-20;14:06;BTC;21086,79
2023-01-19;13:06;BTC;20688,78
2023-01-18;12:06;BTC;21161,52
2023-01-17;13:53;BTC;21169,63
2023-01-16;12:53;BTC;20880,80
2023-01-15;11:53;BTC;20976,30
2023-01-14;13:40;BTC;19909,57
2023-01-13;12:40;BTC;18869,59
2023-01-12;11:40;BTC;17943,90
2023-01-11;13:26;BTC;17446,29
2023-01-10;12:26;BTC;17196,55
2023-01-09;14:13;BTC;17091,14
2023-01-08;13:13;BTC;16955,08
2023-01-07;12:13;BTC;16951,97
2023-01-06;14:00;BTC;16836,74
2023-01-05;13:00;BTC;16863,24
2023-01-04;12:00;BTC;16679,86
2023-01-03;13:46;BTC;16688,47
2023-01-02;12:46;BTC;16625,08
2023-01-01;11:46;BTC;16547,50
2022-12-31;13:33;BTC;16602,59
2022-12-30;12:33;BTC;16642,34
2022-12-29;14:20;BTC;16552,57
2022-12-28;13:20;BTC;16717,17
2022-12-27;12:20;BTC;16919,81
2022-12-26;14:06;BTC;16841,99
2022-12-25;13:06;BTC;16847,76
2022-12-24;12:06;BTC;16796,95
2022-12-23;13:53;BTC;16830,34
2022-12-22;12:53;BTC;16817,53
2022-12-21;11:53;BTC;16906,31
2022-12-20;13:40;BTC;16439,68
2022-12-19;12:40;BTC;16757,98
2022-12-18;11:40;BTC;16795,09
2022-12-17;13:26;BTC;16647,48
2022-12-16;12:26;BTC;17364,86
2022-12-15;14:13;BTC;17652,10
2022-12-14;13:13;BTC;17781,32
2022-12-13;12:13;BTC;17206,44
2022-12-12;14:00;BTC;17104,19
2022-12-11;13:00;BTC;17128,72
2022-12-10;12:00;BTC;17133,15
2022-12-09;13:46;BTC;17233,47
2022-12-08;12:46;BTC;16848,13
2022-12-07;11:46;BTC;17089,50
2022-12-06;13:33;BTC;16974,83
2022-12-05;12:33;BTC;17130,49
2022-12-04;14:20;BTC;16908,24
2022-12-03;13:20;BTC;17088,66
2022-12-02;12:20;BTC;16967,13
2022-12-01;14:06;BTC;17168,57
2022-11-30;13:06;BTC;16444,98
2022-11-29;12:06;BTC;16217,32
2022-11-28;13:53;BTC;16444,63
2022-11-27;12:53;BTC;16464,28
2022-11-26;11:53;BTC;16521,84
2022-11-25;13:40;BTC;16604,47
2022-11-24;12:40;BTC;16610,71
2022-11-23;11:40;BTC;16189,77
2022-11-22;13:26;BTC;15787,28
2022-11-21;12:26;BTC;16291,83
2022-11-20;14:13;BTC;16711,55
2022-11-19;13:13;BTC;16697,78
2022-11-18;12:13;BTC;16687,52
2022-11-17;14:00;BTC;16669,44
2022-11-16;13:00;BTC;16884,61
2022-11-15;12:00;BTC;16618,20
2022-11-14;13:46;BTC;16353,37
2022-11-13;12:46;BTC;16799,18
2022-11-12;11:46;BTC;17034,29
2022-11-11;13:33;BTC;17586,77
2022-11-10;12:33;BTC;15880,78
2022-11-09;14:20;BTC;18541,27
2022-11-08;13:20;BTC;20602,82
2022-11-07;12:20;BTC;20926,49
2022-11-06;14:06;BTC;21282,69
2022-11-05;13:06;BTC;21147,23
2022-11-04;12:06;BTC;20209,99
2022-11-03;13:53;BTC;20159,50
2022-11-02;12:53;BTC;20485,27
2022-11-01;11:53;BTC;20495,77
2022-10-31;13:40;BTC;20635,60
2022-10-30;12:40;BTC;20818,48
2022-10-29;12:40;BTC;20595,35
2022-10-28;14:26;BTC;20285,84
2022-10-27;13:26;BTC;20770,44
2022-10-26;15:13;BTC;20095,86
2022-10-25;14:13;BTC;19345,57
2022-10-24;13:13;BTC;19567,01
2022-10-23;15:00;BTC;19208,19
2022-10-22;14:00;BTC;19172,47
2022-10-21;13:00;BTC;19053,74
2022-10-20;14:46;BTC;19139,53
2022-10-19;13:46;BTC;19334,42
2022-10-18;12:46;BTC;19550,76
2022-10-17;14:33;BTC;19268,09
2022-10-16;13:33;BTC;19067,64
2022-10-15;15:20;BTC;19185,66
2022-10-14;14:20;BTC;19382,90
2022-10-13;13:20;BTC;19157,45
2022-10-12;15:06;BTC;19051,42
2022-10-11;14:06;BTC;19141,48
2022-10-10;13:06;BTC;19446,43
2022-10-09;14:53;BTC;19416,57
2022-10-08;13:53;BTC;19546,85
2022-10-07;12:53;BTC;19955,44
2022-10-06;14:40;BTC;20160,72
2022-10-05;13:40;BTC;20336,84
2022-10-04;12:40;BTC;19623,58
2022-10-03;14:26;BTC;19044,11
2022-10-02;13:26;BTC;19312,09
2022-10-01;15:13;BTC;19431,79
2022-09-30;14:13;BTC;19573,05
2022-09-29;13:13;BTC;19426,72
2022-09-28;15:00;BTC;19110,55
2022-09-27;14:00;BTC;19222,67
2022-09-26;13:00;BTC;18802,10
2022-09-25;14:46;BTC;18937,01
2022-09-24;13:46;BTC;19297,64
2022-09-23;12:46;BTC;19413,55
2022-09-22;14:33;BTC;18547,40
2022-09-21;13:33;BTC;18890,79
2022-09-20;15:20;BTC;19544,13
2022-09-19;14:20;BTC;19419,51
2022-09-18;13:20;BTC;20127,58
2022-09-17;15:06;BTC;19772,58
2022-09-16;14:06;BTC;19701,21
2022-09-15;13:06;BTC;20241,09
2022-09-14;14:53;BTC;20296,71
2022-09-13;13:53;BTC;22370,45
2022-09-12;12:53;BTC;21769,26
2022-09-11;14:40;BTC;21680,54
2022-09-10;13:40;BTC;21381,15
2022-09-09;12:40;BTC;19329,83
2022-09-08;14:26;BTC;19290,32
2022-09-07;13:26;BTC;18837,67
2022-09-06;15:13;BTC;19812,37
2022-09-05;14:13;BTC;19986,71
2022-09-04;13:13;BTC;19832,09
2022-09-03;15:00;BTC;19969,77
2022-09-02;14:00;BTC;20127,14
2022-09-01;13:00;BTC;20049,76
2022-08-31;14:46;BTC;19796,81
2022-08-30;13:46;BTC;20297,99
2022-08-29;12:46;BTC;19616,81
2022-08-28;14:33;BTC;20041,74
2022-08-27;13:33;BTC;20260,02
2022-08-26;15:20;BTC;21600,91
2022-08-25;14:20;BTC;21395,02
2022-08-24;13:20;BTC;21528,09
2022-08-23;15:06;BTC;21398,91
2022-08-22;14:06;BTC;21534,12
2022-08-21;13:06;BTC;21166,06
2022-08-20;14:53;BTC;20877,55
2022-08-19;13:53;BTC;23212,74
2022-08-18;12:53;BTC;23336,00
2022-08-17;14:40;BTC;23883,29
2022-08-16;13:40;BTC;24136,97
2022-08-15;12:40;BTC;24319,33
2022-08-14;14:26;BTC;24424,07
2022-08-13;13:26;BTC;24402,82
2022-08-12;15:13;BTC;23957,53
2022-08-11;14:13;BTC;23947,64
2022-08-10;13:13;BTC;23164,32
2022-08-09;15:00;BTC;23809,49
2022-08-08;14:00;BTC;23175,89
2022-08-07;13:00;BTC;22961,28
2022-08-06;14:46;BTC;23289,31
2022-08-05;13:46;BTC;22630,96
2022-08-04;12:46;BTC;22846,51
2022-08-03;14:33;BTC;22978,12
2022-08-02;13:33;BTC;23314,20
2022-08-01;15:20;BTC;23336,90
2022-07-31;14:20;BTC;23656,21
2022-07-30;13:20;BTC;23804,63
2022-07-29;15:06;BTC;23843,89
2022-07-28;14:06;BTC;22930,55
2022-07-27;13:06;BTC;21239,75
2022-07-26;14:53;BTC;21361,70
2022-07-25;13:53;BTC;22609,16
2022-07-24;12:53;BTC;22465,48
2022-07-23;14:40;BTC;22714,98
2022-07-22;13:40;BTC;23164,63
2022-07-21;12:40;BTC;23231,73
2022-07-20;14:26;BTC;23389,43
2022-07-19;13:26;BTC;22485,69
2022-07-18;15:13;BTC;20779,34
2022-07-17;14:13;BTC;21190,32
2022-07-16;13:13;BTC;20836,33
2022-07-15;15:00;BTC;20569,92
2022-07-14;14:00;BTC;20212,07
2022-07-13;13:00;BTC;19323,91
2022-07-12;14:46;BTC;19970,56
2022-07-11;13:46;BTC;20860,45
2022-07-10;12:46;BTC;21592,21
2022-07-09;14:33;BTC;21731,12
2022-07-08;13:33;BTC;21637,59
2022-07-07;15:20;BTC;20548,25
2022-07-06;14:20;BTC;20190,11
2022-07-05;13:20;BTC;20231,26
2022-07-04;15:06;BTC;19297,08
2022-07-03;14:06;BTC;19242,26
2022-07-02;13:06;BTC;19269,37
2022-07-01;14:53;BTC;19784,73
2022-06-30;13:53;BTC;20104,02
2022-06-29;12:53;BTC;20280,64
2022-06-28;14:40;BTC;20735,48
2022-06-27;13:40;BTC;21027,30
2022-06-26;12:40;BTC;21502,34
2022-06-25;14:26;BTC;21231,66
2022-06-24;13:26;BTC;21085,88
2022-06-23;15:13;BTC;19987,03
2022-06-22;14:13;BTC;20710,60
2022-06-21;13:13;BTC;20599,54
2022-06-20;15:00;BTC;20553,27
2022-06-19;14:00;BTC;19017,64
2022-06-18;13:00;BTC;20471,48
2022-06-17;14:46;BTC;20381,65
2022-06-16;13:46;BTC;22572,84
2022-06-15;12:46;BTC;22206,79
2022-06-14;14:33;BTC;22487,39
2022-06-13;13:33;BTC;26762,65
2022-06-12;15:20;BTC;28360,81
2022-06-11;14:20;BTC;29083,80
2022-06-10;13:20;BTC;30112,00
2022-06-09;15:06;BTC;30214,36
2022-06-08;14:06;BTC;31155,48
2022-06-07;13:06;BTC;31370,67
2022-06-06;14:53;BTC;29906,66
2022-06-05;13:53;BTC;29832,91
2022-06-04;12:53;BTC;29704,39
2022-06-03;14:40;BTC;30467,49
2022-06-02;13:40;BTC;29799,08
2022-06-01;12:40;BTC;31792,31
2022-05-31;14:26;BTC;31726,39
2022-05-30;13:26;BTC;29445,96
2022-05-29;15:13;BTC;29023,49
2022-05-28;14:13;BTC;28627,57
2022-05-27;13:13;BTC;29267,22
2022-05-26;15:00;BTC;29562,36
2022-05-25;14:00;BTC;29655,59
2022-05-24;13:00;BTC;29098,91
2022-05-23;14:46;BTC;30323,72
2022-05-22;13:46;BTC;29432,23
2022-05-21;12:46;BTC;29200,74
2022-05-20;14:33;BTC;30314,33
2022-05-19;13:33;BTC;28720,27
2022-05-18;15:20;BTC;30425,86
2022-05-17;14:20;BTC;29862,92
2022-05-16;13:20;BTC;31305,11
2022-05-15;15:06;BTC;30101,27
2022-05-14;14:06;BTC;29283,10
2022-05-13;13:06;BTC;29047,75
2022-05-12;14:53;BTC;28936,36
2022-05-11;13:53;BTC;31022,91
2022-05-10;12:53;BTC;30296,95
2022-05-09;14:40;BTC;34059,26
2022-05-08;13:40;BTC;35501,95
2022-05-07;12:40;BTC;36040,92
2022-05-06;14:26;BTC;36575,14
2022-05-05;13:26;BTC;39698,37
2022-05-04;15:13;BTC;37750,45
2022-05-03;14:13;BTC;38529,33
2022-05-02;13:13;BTC;38469,09
2022-05-01;15:00;BTC;37714,88
2022-04-30;14:00;BTC;38609,82
2022-04-29;13:00;BTC;39773,83
2022-04-28;14:46;BTC;39241,12
2022-04-27;13:46;BTC;38117,46
2022-04-26;12:46;BTC;40458,31
2022-04-25;14:33;BTC;39469,29
2022-04-24;13:33;BTC;39486,73
2022-04-23;15:20;BTC;39740,32
2022-04-22;14:20;BTC;40527,36
2022-04-21;13:20;BTC;41374,38
2022-04-20;15:06;BTC;41502,75
2022-04-19;14:06;BTC;40826,21
2022-04-18;13:06;BTC;39716,95
2022-04-17;14:53;BTC;40424,48
2022-04-16;13:53;BTC;40553,46
2022-04-15;12:53;BTC;39935,52
2022-04-14;14:40;BTC;41166,73
2022-04-13;13:40;BTC;40127,18
2022-04-12;12:40;BTC;39521,90
2022-04-11;14:26;BTC;42207,67
2022-04-10;13:26;BTC;42782,14
2022-04-09;15:13;BTC;42287,66
2022-04-08;14:13;BTC;43503,85
2022-04-07;13:13;BTC;43206,74
2022-04-06;15:00;BTC;45555,99
2022-04-05;14:00;BTC;46622,67
2022-04-04;13:00;BTC;46453,57
2022-04-03;14:46;BTC;45868,95
2022-04-02;13:46;BTC;46281,64
2022-04-01;12:46;BTC;45538,68
2022-03-31;14:33;BTC;47062,66
2022-03-30;13:33;BTC;47465,73
2022-03-29;15:20;BTC;47128,01
2022-03-28;14:20;BTC;46820,49
2022-03-27;13:20;BTC;44500,83
2022-03-26;14:06;BTC;44348,73
2022-03-25;13:06;BTC;43960,93
2022-03-24;12:06;BTC;42892,96
2022-03-23;13:53;BTC;42358,81
2022-03-22;12:53;BTC;41078,00
2022-03-21;11:53;BTC;41247,82
2022-03-20;13:40;BTC;42190,65
2022-03-19;12:40;BTC;41801,15
2022-03-18;11:40;BTC;40951,38
2022-03-17;13:26;BTC;41143,93
2022-03-16;12:26;BTC;39338,79
2022-03-15;14:13;BTC;39666,76
2022-03-14;13:13;BTC;37849,66
2022-03-13;12:13;BTC;38904,01
2022-03-12;14:00;BTC;38794,97
2022-03-11;13:00;BTC;39437,46
2022-03-10;12:00;BTC;41982,93
2022-03-09;13:46;BTC;38737,27
2022-03-08;12:46;BTC;38062,04
2022-03-07;11:46;BTC;38419,98
2022-03-06;13:33;BTC;39400,58
2022-03-05;12:33;BTC;39137,60
2022-03-04;14:20;BTC;42451,79
2022-03-03;13:20;BTC;43924,12
2022-03-02;12:20;BTC;44354,64
2022-03-01;14:06;BTC;43193,23
2022-02-28;13:06;BTC;37709,78
2022-02-27;12:06;BTC;39105,15
2022-02-26;13:53;BTC;39214,22
2022-02-25;12:53;BTC;38332,61
2022-02-24;11:53;BTC;37296,57
2022-02-23;13:40;BTC;38286,03
2022-02-22;12:40;BTC;37075,28
2022-02-21;11:40;BTC;38431,38
2022-02-20;13:26;BTC;40122,15
2022-02-19;12:26;BTC;40030,98
2022-02-18;14:13;BTC;40538,01
2022-02-17;13:13;BTC;43961,86
2022-02-16;12:13;BTC;44575,20
2022-02-15;14:00;BTC;42586,92
2022-02-14;13:00;BTC;42197,52
2022-02-13;12:00;BTC;42244,47
2022-02-12;13:46;BTC;42407,94
2022-02-11;12:46;BTC;43565,11
2022-02-10;11:46;BTC;44338,80
2022-02-09;13:33;BTC;44118,45
2022-02-08;12:33;BTC;43840,29
2022-02-07;14:20;BTC;42412,43
2022-02-06;13:20;BTC;41441,16
2022-02-05;12:20;BTC;41500,88
2022-02-04;14:06;BTC;37154,60
2022-02-03;13:06;BTC;36952,98
2022-02-02;12:06;BTC;38743,27
2022-02-01;13:53;BTC;38483,13
2022-01-31;12:53;BTC;37917,60
2022-01-30;11:53;BTC;38138,18
2022-01-29;13:40;BTC;37784,33
2022-01-28;12:40;BTC;37138,23
2022-01-27;11:40;BTC;36852,12
2022-01-26;13:26;BTC;36954,00
2022-01-25;12:26;BTC;36654,33
2022-01-24;14:13;BTC;36276,80
2022-01-23;13:13;BTC;35030,25
2022-01-22;12:13;BTC;36457,32
2022-01-21;14:00;BTC;40680,42
2022-01-20;13:00;BTC;41744,33
2022-01-19;12:00;BTC;42375,63
2022-01-18;13:46;BTC;42250,55
2022-01-17;12:46;BTC;43113,88
2022-01-16;11:46;BTC;43177,40
2022-01-15;13:33;BTC;43099,70
2022-01-14;12:33;BTC;42591,57
2022-01-13;14:20;BTC;43949,10
2022-01-12;13:20;BTC;42735,85
2022-01-11;12:20;BTC;41821,26
2022-01-10;14:06;BTC;41911,60
2022-01-09;13:06;BTC;41733,94
2022-01-08;12:06;BTC;41557,90
2022-01-07;13:53;BTC;43160,93
2022-01-06;12:53;BTC;43569,00
2022-01-05;11:53;BTC;45897,58
2022-01-04;13:40;BTC;46458,12
2022-01-03;12:40;BTC;47345,22
2022-01-02;11:40;BTC;47686,81
2022-01-01;13:26;BTC;46306,45
2021-12-31;12:26;BTC;47178,13
2021-12-30;14:13;BTC;46444,71
2021-12-29;13:13;BTC;47588,85
2021-12-28;12:13;BTC;50640,42
2021-12-27;14:00;BTC;50809,52
2021-12-26;13:00;BTC;50429,86
2021-12-25;12:00;BTC;50822,20
2021-12-24;13:46;BTC;50784,54
2021-12-23;12:46;BTC;48628,51
2021-12-22;11:46;BTC;48936,61
2021-12-21;13:33;BTC;46880,28
2021-12-20;12:33;BTC;46707,01
2021-12-19;14:20;BTC;46848,78
2021-12-18;13:20;BTC;46202,14
2021-12-17;12:20;BTC;47665,43
2021-12-16;14:06;BTC;48896,72
2021-12-15;13:06;BTC;46612,63
2021-12-14;12:06;BTC;46737,48
2021-12-13;13:53;BTC;50098,34
2021-12-12;12:53;BTC;49362,51
2021-12-11;11:53;BTC;47243,31
2021-12-10;13:40;BTC;47672,12
2021-12-09;12:40;BTC;50504,80
2021-12-08;11:40;BTC;50700,08
2021-12-07;13:26;BTC;50582,63
2021-12-06;12:26;BTC;49368,85
2021-12-05;14:13;BTC;49200,70
2021-12-04;13:13;BTC;53598,25
2021-12-03;12:13;BTC;56477,82
2021-12-02;14:00;BTC;57229,83
2021-12-01;13:00;BTC;57005,43
2021-11-30;12:00;BTC;57806,57
2021-11-29;13:46;BTC;57248,46
2021-11-28;12:46;BTC;54815,08
2021-11-27;11:46;BTC;53569,76
2021-11-26;13:33;BTC;57274,68
2021-11-25;12:33;BTC;56280,43
2021-11-24;14:20;BTC;57569,07
2021-11-23;13:20;BTC;56289,29
2021-11-22;12:20;BTC;58730,48
2021-11-21;14:06;BTC;59697,20
2021-11-20;13:06;BTC;58119,58
2021-11-19;12:06;BTC;56942,14
2021-11-18;13:53;BTC;60368,01
2021-11-17;12:53;BTC;60161,25
2021-11-16;11:53;BTC;63557,87
2021-11-15;13:40;BTC;65466,84
2021-11-14;12:40;BTC;64469,53
2021-11-13;11:40;BTC;64155,94
2021-11-12;13:26;BTC;64949,96
2021-11-11;12:26;BTC;64995,23
2021-11-10;14:13;BTC;66971,83
2021-11-09;13:13;BTC;67566,83
2021-11-08;12:13;BTC;63326,99
2021-11-07;14:00;BTC;61527,48
2021-11-06;13:00;BTC;61125,67
2021-11-05;12:00;BTC;61452,23
2021-11-04;13:46;BTC;62970,05
2021-11-03;12:46;BTC;63226,40
2021-11-02;11:46;BTC;61004,41
2021-11-01;13:33;BTC;61318,96
2021-10-31;12:33;BTC;61888,83
2021-10-30;15:20;BTC;62227,96
2021-10-29;14:20;BTC;60622,14
2021-10-28;13:20;BTC;58482,39
2021-10-27;15:06;BTC;60363,79
2021-10-26;14:06;BTC;63039,83
2021-10-25;13:06;BTC;60930,84
2021-10-24;14:53;BTC;61393,62
2021-10-23;13:53;BTC;60692,26
2021-10-22;12:53;BTC;62210,17
2021-10-21;14:40;BTC;65992,84
2021-10-20;13:40;BTC;64261,99
2021-10-19;12:40;BTC;62026,08
2021-10-18;14:26;BTC;61553,62
2021-10-17;13:26;BTC;60892,18
2021-10-16;15:13;BTC;61593,95
2021-10-15;14:13;BTC;57321,53
2021-10-14;13:13;BTC;57401,10
2021-10-13;15:00;BTC;56041,06
2021-10-12;14:00;BTC;57484,79
2021-10-11;13:00;BTC;54771,58
2021-10-10;14:46;BTC;54968,22
2021-10-09;13:46;BTC;53967,85
2021-10-08;12:46;BTC;53805,99
2021-10-07;14:33;BTC;55361,45
2021-10-06;13:33;BTC;51514,81
2021-10-05;15:20;BTC;49112,90
2021-10-04;14:20;BTC;48199,95
2021-10-03;13:20;BTC;47711,49
2021-10-02;15:06;BTC;48116,94
2021-10-01;14:06;BTC;43790,90
2021-09-30;13:06;BTC;41564,36
2021-09-29;14:53;BTC;41034,54
2021-09-28;13:53;BTC;42235,73
2021-09-27;12:53;BTC;43208,54
2021-09-26;14:40;BTC;42716,59
2021-09-25;13:40;BTC;42839,75
2021-09-24;12:40;BTC;44895,10
2021-09-23;14:26;BTC;43574,51
2021-09-22;13:26;BTC;40693,68
2021-09-21;15:13;BTC;42843,80
2021-09-20;14:13;BTC;47260,22
2021-09-19;13:13;BTC;48278,36
2021-09-18;15:00;BTC;47267,52
2021-09-17;14:00;BTC;47783,36
2021-09-16;13:00;BTC;48176,35
2021-09-15;14:46;BTC;47092,49
2021-09-14;13:46;BTC;44963,07
2021-09-13;12:46;BTC;46063,27
2021-09-12;14:33;BTC;45201,46
2021-09-11;13:33;BTC;44883,91
2021-09-10;15:20;BTC;46391,42
2021-09-09;14:20;BTC;46091,39
2021-09-08;13:20;BTC;46811,13
2021-09-07;15:06;BTC;52633,54
2021-09-06;14:06;BTC;51753,41
2021-09-05;13:06;BTC;49944,63
2021-09-04;14:53;BTC;50025,37
2021-09-03;13:53;BTC;49327,72
2021-09-02;12:53;BTC;48847,03
2021-09-01;14:40;BTC;47166,69
2021-08-31;13:40;BTC;47054,98
2021-08-30;12:40;BTC;48829,83
2021-08-29;14:26;BTC;48902,40
2021-08-28;13:26;BTC;49058,67
2021-08-27;15:13;BTC;46942,22
2021-08-26;14:13;BTC;48960,79
2021-08-25;13:13;BTC;47706,12
2021-08-24;15:00;BTC;49546,15
2021-08-23;14:00;BTC;49321,65
2021-08-22;13:00;BTC;48905,49
2021-08-21;14:46;BTC;49339,18
2021-08-20;13:46;BTC;46717,58
2021-08-19;12:46;BTC;44801,19
2021-08-18;14:33;BTC;44695,36
2021-08-17;13:33;BTC;46004,48
2021-08-16;15:20;BTC;47047,00
2021-08-15;14:20;BTC;47096,95
2021-08-14;13:20;BTC;47793,32
2021-08-13;15:06;BTC;44428,29
2021-08-12;14:06;BTC;45593,64
2021-08-11;13:06;BTC;45585,03
2021-08-10;14:53;BTC;46365,40
2021-08-09;13:53;BTC;43798,12
2021-08-08;12:53;BTC;44555,80
2021-08-07;14:40;BTC;42816,50
2021-08-06;13:40;BTC;40869,55
2021-08-05;12:40;BTC;39747,51
2021-08-04;14:26;BTC;38152,98
2021-08-03;13:26;BTC;39201,95
2021-08-02;15:13;BTC;39974,90
2021-08-01;14:13;BTC;41626,20
2021-07-31;13:13;BTC;42235,55
2021-07-30;15:00;BTC;40008,42
2021-07-29;14:00;BTC;39995,91
2021-07-28;13:00;BTC;39406,94
2021-07-27;14:46;BTC;37337,53
2021-07-26;13:46;BTC;35350,19
2021-07-25;12:46;BTC;34292,45
2021-07-24;14:33;BTC;33581,55
2021-07-23;13:33;BTC;32313,11
2021-07-22;15:20;BTC;32110,69
2021-07-21;14:20;BTC;29807,35
2021-07-20;13:20;BTC;30817,83
2021-07-19;15:06;BTC;31796,81
2021-07-18;14:06;BTC;31533,07
2021-07-17;13:06;BTC;31421,54
2021-07-16;14:53;BTC;31780,73
2021-07-15;13:53;BTC;32822,35
2021-07-14;12:53;BTC;32702,03
2021-07-13;14:40;BTC;33155,85
2021-07-12;13:40;BTC;34240,19
2021-07-11;12:40;BTC;33520,52
2021-07-10;14:26;BTC;33798,01
2021-07-09;13:26;BTC;32877,37
2021-07-08;15:13;BTC;33855,33
2021-07-07;14:13;BTC;34235,19
2021-07-06;13:13;BTC;33746,00
2021-07-05;15:00;BTC;35287,78
2021-07-04;14:00;BTC;34668,55
2021-07-03;13:00;BTC;33897,05
2021-07-02;14:46;BTC;33572,12
2021-07-01;13:46;BTC;35040,84
2021-06-30;12:46;BTC;35867,78
2021-06-29;14:33;BTC;34434,34
2021-06-28;13:33;BTC;34649,64
2021-06-27;15:20;BTC;32186,28
2021-06-26;14:20;BTC;31637,78
2021-06-25;13:20;BTC;34662,44
2021-06-24;15:06;BTC;33723,03
2021-06-23;14:06;BTC;32505,66
2021-06-22;13:06;BTC;31676,69
2021-06-21;14:53;BTC;35698,30
2021-06-20;13:53;BTC;35615,87
2021-06-19;12:53;BTC;35787,24
2021-06-18;14:40;BTC;38053,50
2021-06-17;13:40;BTC;38347,06
2021-06-16;12:40;BTC;40406,27
2021-06-15;14:26;BTC;40218,48
2021-06-14;13:26;BTC;39097,86
2021-06-13;15:13;BTC;35552,52
2021-06-12;14:13;BTC;37334,40
2021-06-11;13:13;BTC;36702,60
2021-06-10;15:00;BTC;37345,12
2021-06-09;14:00;BTC;33472,63
2021-06-08;13:00;BTC;33560,71
2021-06-07;14:46;BTC;35862,38
2021-06-06;13:46;BTC;35551,96
2021-06-05;12:46;BTC;36894,41
2021-06-04;14:33;BTC;39208,77
2021-06-03;13:33;BTC;37575,18
2021-06-02;15:20;BTC;36684,92
2021-06-01;14:20;BTC;37332,85
2021-05-31;13:20;BTC;35678,13
2021-05-30;15:06;BTC;34616,07
2021-05-29;14:06;BTC;35697,61
2021-05-28;13:06;BTC;38436,97
2021-05-27;14:53;BTC;39294,20
2021-05-26;13:53;BTC;38402,22
2021-05-25;12:53;BTC;38705,98
2021-05-24;14:40;BTC;34770,58
2021-05-23;13:40;BTC;37536,63
2021-05-22;12:40;BTC;37304,69
2021-05-21;14:26;BTC;40782,74
2021-05-20;13:26;BTC;37002,44
2021-05-19;15:13;BTC;42909,40
2021-05-18;14:13;BTC;43537,51
2021-05-17;13:13;BTC;46456,06
2021-05-16;15:00;BTC;46760,19
2021-05-15;14:00;BTC;49880,53
2021-05-14;13:00;BTC;49716,19
2021-05-13;14:46;BTC;49150,53
2021-05-12;13:46;BTC;56704,57
2021-05-11;12:46;BTC;55859,80
2021-05-10;14:33;BTC;58232,32
2021-05-09;13:33;BTC;58803,78
2021-05-08;15:20;BTC;57356,40
2021-05-07;14:20;BTC;56396,51
2021-05-06;13:20;BTC;57424,01
2021-05-05;15:06;BTC;53333,54
2021-05-04;14:06;BTC;57200,29
2021-05-03;13:06;BTC;56631,08
2021-05-02;14:53;BTC;57828,05
2021-05-01;13:53;BTC;57750,18
2021-04-30;12:53;BTC;53555,11
2021-04-29;14:40;BTC;54824,70
2021-04-28;13:40;BTC;55033,12
2021-04-27;12:40;BTC;54021,75
2021-04-26;14:26;BTC;49004,25
2021-04-25;13:26;BTC;50050,87
2021-04-24;15:13;BTC;51093,65
2021-04-23;14:13;BTC;51762,27
2021-04-22;13:13;BTC;53906,09
2021-04-21;15:00;BTC;56473,03
2021-04-20;14:00;BTC;55724,27
2021-04-19;13:00;BTC;56216,18
2021-04-18;14:46;BTC;60683,82
2021-04-17;13:46;BTC;61572,79
2021-04-16;12:46;BTC;63314,01
2021-04-15;14:33;BTC;63109,70
2021-04-14;13:33;BTC;63503,46
2021-04-13;15:20;BTC;59893,45
2021-04-12;14:20;BTC;60204,96
2021-04-11;13:20;BTC;59793,24
2021-04-10;15:06;BTC;58245,00
2021-04-09;14:06;BTC;58323,95
2021-04-08;13:06;BTC;56048,94
2021-04-07;14:53;BTC;58192,36
2021-04-06;13:53;BTC;59057,88
2021-04-05;12:53;BTC;58758,56
2021-04-04;14:40;BTC;57603,89
2021-04-03;13:40;BTC;59384,31
2021-04-02;12:40;BTC;59095,81
2021-04-01;14:26;BTC;58918,83
2021-03-31;13:26;BTC;58917,69
2021-03-30;15:13;BTC;57750,20
2021-03-29;14:13;BTC;55950,75
2021-03-28;13:13;BTC;55973,51
2021-03-27;14:00;BTC;55137,31
2021-03-26;13:00;BTC;51704,16
2021-03-25;12:00;BTC;52774,26
2021-03-24;13:46;BTC;54738,94
2021-03-23;12:46;BTC;54529,15
2021-03-22;11:46;BTC;57523,42
2021-03-21;13:33;BTC;58313,64
2021-03-20;12:33;BTC;58346,65
2021-03-19;14:20;BTC;57858,92
2021-03-18;13:20;BTC;58870,89
2021-03-17;12:20;BTC;56804,90
2021-03-16;14:06;BTC;55907,20
2021-03-15;13:06;BTC;59302,32
2021-03-14;12:06;BTC;61243,08
2021-03-13;13:53;BTC;57332,09
2021-03-12;12:53;BTC;57805,12
2021-03-11;11:53;BTC;56008,55
2021-03-10;13:40;BTC;54824,12
2021-03-09;12:40;BTC;52246,52
2021-03-08;11:40;BTC;51206,69
2021-03-07;13:26;BTC;48912,38
2021-03-06;12:26;BTC;48927,30
2021-03-05;14:13;BTC;48561,17
2021-03-04;13:13;BTC;50538,24
2021-03-03;12:13;BTC;48378,99
2021-03-02;14:00;BTC;49631,24
2021-03-01;13:00;BTC;45137,77
2021-02-28;12:00;BTC;46188,45
2021-02-27;13:46;BTC;46339,76
2021-02-26;12:46;BTC;47093,85
2021-02-25;11:46;BTC;49705,33
2021-02-24;13:33;BTC;48824,43
2021-02-23;12:33;BTC;54207,32
2021-02-22;14:20;BTC;57539,94
2021-02-21;13:20;BTC;56099,52
2021-02-20;12:20;BTC;55888,13
2021-02-19;14:06;BTC;51679,80
2021-02-18;13:06;BTC;52149,01
2021-02-17;12:06;BTC;49199,87
2021-02-16;13:53;BTC;47945,06
2021-02-15;12:53;BTC;48717,29
2021-02-14;11:53;BTC;47105,52
2021-02-13;13:40;BTC;47504,85
2021-02-12;12:40;BTC;47909,33
2021-02-11;11:40;BTC;44918,18
2021-02-10;13:26;BTC;46481,10
2021-02-09;12:26;BTC;46196,46
2021-02-08;14:13;BTC;38903,44
2021-02-07;13:13;BTC;39266,01
2021-02-06;12:13;BTC;38144,31
2021-02-05;14:00;BTC;36926,06
2021-02-04;13:00;BTC;37472,09
2021-02-03;12:00;BTC;35510,29
2021-02-02;13:46;BTC;33537,18
2021-02-01;12:46;BTC;33114,36
2021-01-31;11:46;BTC;34269,52
2021-01-30;13:33;BTC;34316,39
2021-01-29;12:33;BTC;33466,10
2021-01-28;14:20;BTC;30432,55
2021-01-27;13:20;BTC;32569,85
2021-01-26;12:20;BTC;32366,39
2021-01-25;14:06;BTC;32289,38
2021-01-24;13:06;BTC;32067,64
2021-01-23;12:06;BTC;33005,76
2021-01-22;13:53;BTC;30825,70
2021-01-21;12:53;BTC;35547,75
2021-01-20;11:53;BTC;36069,81
2021-01-19;13:40;BTC;36630,08
2021-01-18;12:40;BTC;35791,28
2021-01-17;11:40;BTC;36178,14
2021-01-16;13:26;BTC;36825,37
2021-01-15;12:26;BTC;39187,33
2021-01-14;14:13;BTC;37316,36
2021-01-13;13:13;BTC;33922,96
2021-01-12;12:13;BTC;35566,66
2021-01-11;14:00;BTC;38356,44
2021-01-10;13:00;BTC;40254,55
2021-01-09;12:00;BTC;40797,61
2021-01-08;13:46;BTC;39371,04
2021-01-07;12:46;BTC;36824,36
2021-01-06;11:46;BTC;33992,43
2021-01-05;13:33;BTC;31971,91
2021-01-04;12:33;BTC;32782,02
2021-01-03;14:20;BTC;32127,27
2021-01-02;13:20;BTC;29374,15
2021-01-01;12:20;BTC;29001,72
2020-12-31;14:06;BTC;28840,95
2020-12-30;13:06;BTC;27362,44
2020-12-29;12:06;BTC;27084,81
2020-12-28;13:53;BTC;26272,29
2020-12-27;12:53;BTC;26437,04
2020-12-26;11:53;BTC;24664,79
2020-12-25;13:40;BTC;23735,95
2020-12-24;12:40;BTC;23241,34
2020-12-23;11:40;BTC;23783,03
2020-12-22;13:26;BTC;22803,08
2020-12-21;12:26;BTC;23477,30
2020-12-20;14:13;BTC;23869,83
2020-12-19;13:13;BTC;23137,96
2020-12-18;12:13;BTC;22805,16
2020-12-17;14:00;BTC;21310,60
2020-12-16;13:00;BTC;19417,08
2020-12-15;12:00;BTC;19246,64
2020-12-14;13:46;BTC;19142,38
2020-12-13;12:46;BTC;18803,66
2020-12-12;11:46;BTC;18058,90
2020-12-11;13:33;BTC;18264,99
2020-12-10;12:33;BTC;18553,92
2020-12-09;14:20;BTC;18321,14
2020-12-08;13:20;BTC;19191,63
2020-12-07;12:20;BTC;19345,12
2020-12-06;14:06;BTC;19154,23
2020-12-05;13:06;BTC;18699,77
2020-12-04;12:06;BTC;19445,40
2020-12-03;13:53;BTC;19201,09
2020-12-02;12:53;BTC;18803,00
2020-12-01;11:53;BTC;19625,84
2020-11-30;13:40;BTC;18177,48
2020-11-29;12:40;BTC;17717,42
2020-11-28;11:40;BTC;17108,40
2020-11-27;13:26;BTC;17150,62
2020-11-26;12:26;BTC;18732,12
2020-11-25;14:13;BTC;19107,46
2020-11-24;13:13;BTC;18364,12
2020-11-23;12:13;BTC;18370,00
2020-11-22;14:00;BTC;18642,23
2020-11-21;13:00;BTC;18621,31
2020-11-20;12:00;BTC;17817,09
2020-11-19;13:46;BTC;17804,01
2020-11-18;12:46;BTC;17645,41
2020-11-17;11:46;BTC;16716,11
2020-11-16;13:33;BTC;15955,59
2020-11-15;12:33;BTC;16068,14
2020-11-14;14:20;BTC;16317,81
2020-11-13;13:20;BTC;16276,34
2020-11-12;12:20;BTC;15701,34
2020-11-11;14:06;BTC;15290,90
2020-11-10;13:06;BTC;15332,32
2020-11-09;12:06;BTC;15479,57
2020-11-08;13:53;BTC;14833,75
2020-11-07;12:53;BTC;15565,88
2020-11-06;11:53;BTC;15579,85
2020-11-05;13:40;BTC;14133,71
2020-11-04;12:40;BTC;13950,30
2020-11-03;11:40;BTC;13550,49
2020-11-02;13:26;BTC;13737,11
2020-11-01;12:26;BTC;13780,99
2020-10-31;14:13;BTC;13546,52
2020-10-30;13:13;BTC;13437,88
2020-10-29;12:13;BTC;13271,29
2020-10-28;14:00;BTC;13654,22
2020-10-27;13:00;BTC;13075,25
2020-10-26;12:00;BTC;13031,17
2020-10-25;13:46;BTC;13108,06
2020-10-24;13:46;BTC;12931,54
2020-10-23;12:46;BTC;12965,89
2020-10-22;14:33;BTC;12823,69
2020-10-21;13:33;BTC;11916,34
2020-10-20;15:20;BTC;11742,04
2020-10-19;14:20;BTC;11483,36
2020-10-18;13:20;BTC;11358,10
2020-10-17;15:06;BTC;11322,12
2020-10-16;14:06;BTC;11495,35
2020-10-15;13:06;BTC;11429,51
2020-10-14;14:53;BTC;11425,90
2020-10-13;13:53;BTC;11555,36
2020-10-12;12:53;BTC;11384,18
2020-10-11;14:40;BTC;11296,36
2020-10-10;13:40;BTC;11064,46
2020-10-09;12:40;BTC;10915,69
2020-10-08;14:26;BTC;10668,97
2020-10-07;13:26;BTC;10604,41
2020-10-06;15:13;BTC;10793,34
2020-10-05;14:13;BTC;10669,58
2020-10-04;13:13;BTC;10549,33
2020-10-03;15:00;BTC;10575,98
2020-10-02;14:00;BTC;10619,45
2020-10-01;13:00;BTC;10784,49
2020-09-30;14:46;BTC;10844,64
2020-09-29;13:46;BTC;10709,65
2020-09-28;12:46;BTC;10775,27
2020-09-27;14:33;BTC;10750,72
2020-09-26;13:33;BTC;10692,72
2020-09-25;15:20;BTC;10760,07
2020-09-24;14:20;BTC;10246,19
2020-09-23;13:20;BTC;10538,46
2020-09-22;15:06;BTC;10462,26
2020-09-21;14:06;BTC;10938,27
2020-09-20;13:06;BTC;11094,35
2020-09-19;14:53;BTC;10944,59
2020-09-18;13:53;BTC;10948,99
2020-09-17;12:53;BTC;10974,90
2020-09-16;14:40;BTC;10796,95
2020-09-15;13:40;BTC;10680,84
2020-09-14;12:40;BTC;10323,76
2020-09-13;14:26;BTC;10442,17
2020-09-12;13:26;BTC;10400,91
2020-09-11;15:13;BTC;10363,14
2020-09-10;14:13;BTC;10242,35
2020-09-09;13:13;BTC;10131,52
2020-09-08;15:00;BTC;10369,56
2020-09-07;14:00;BTC;10280,35
2020-09-06;13:00;BTC;10169,57
2020-09-05;14:46;BTC;10511,81
2020-09-04;13:46;BTC;10245,30
2020-09-03;12:46;BTC;11414,03
2020-09-02;14:33;BTC;11970,48
2020-09-01;13:33;BTC;11680,82
2020-08-31;15:20;BTC;11711,51
2020-08-30;14:20;BTC;11506,87
2020-08-29;13:20;BTC;11542,50
2020-08-28;15:06;BTC;11323,40
2020-08-27;14:06;BTC;11488,36
2020-08-26;13:06;BTC;11366,14
2020-08-25;14:53;BTC;11774,60
2020-08-24;13:53;BTC;11664,85
2020-08-23;12:53;BTC;11681,83
2020-08-22;14:40;BTC;11592,49
2020-08-21;13:40;BTC;11878,37
2020-08-20;12:40;BTC;11758,28
2020-08-19;14:26;BTC;11991,23
2020-08-18;13:26;BTC;12254,40
2020-08-17;15:13;BTC;11892,80
2020-08-16;14:13;BTC;11865,70
2020-08-15;13:13;BTC;11768,87
2020-08-14;15:00;BTC;11784,14
2020-08-13;14:00;BTC;11584,93
2020-08-12;13:00;BTC;11410,53
2020-08-11;14:46;BTC;11878,11
2020-08-10;13:46;BTC;11675,74
2020-08-09;12:46;BTC;11754,05
2020-08-08;14:33;BTC;11601,47
2020-08-07;13:33;BTC;11779,77
2020-08-06;15:20;BTC;11747,02
2020-08-05;14:20;BTC;11205,89
2020-08-04;13:20;BTC;11246,35
2020-08-03;15:06;BTC;11053,61
2020-08-02;14:06;BTC;11759,59
2020-08-01;13:06;BTC;11323,47
2020-07-31;14:53;BTC;11111,21
2020-07-30;13:53;BTC;11100,47
2020-07-29;12:53;BTC;10912,82
2020-07-28;14:40;BTC;10990,87
2020-07-27;13:40;BTC;9905,17
2020-07-26;12:40;BTC;9677,11
2020-07-25;14:26;BTC;9536,89
2020-07-24;13:26;BTC;9581,07
2020-07-23;15:13;BTC;9525,36
2020-07-22;14:13;BTC;9374,89
2020-07-21;13:13;BTC;9164,23
2020-07-20;15:00;BTC;9185,82
2020-07-19;14:00;BTC;9159,04
2020-07-18;13:00;BTC;9151,39
2020-07-17;14:46;BTC;9132,23
2020-07-16;13:46;BTC;9192,84
2020-07-15;12:46;BTC;9243,21
2020-07-14;14:33;BTC;9243,61
2020-07-13;13:33;BTC;9276,50
2020-07-12;15:20;BTC;9240,35
2020-07-11;14:20;BTC;9278,81
2020-07-10;13:20;BTC;9277,97
2020-07-09;15:06;BTC;9428,33
2020-07-08;14:06;BTC;9252,28
2020-07-07;13:06;BTC;9375,47
2020-07-06;14:53;BTC;9073,94
2020-07-05;13:53;BTC;9132,49
2020-07-04;12:53;BTC;9087,30
2020-07-03;14:40;BTC;9123,41
2020-07-02;13:40;BTC;9228,33
2020-07-01;12:40;BTC;9137,99
2020-06-30;14:26;BTC;9190,85
2020-06-29;13:26;BTC;9143,58
2020-06-28;15:13;BTC;9045,39
2020-06-27;14:13;BTC;9162,92
2020-06-26;13:13;BTC;9264,81
2020-06-25;15:00;BTC;9313,61
2020-06-24;14:00;BTC;9629,66
2020-06-23;13:00;BTC;9648,72
2020-06-22;14:46;BTC;9303,63
2020-06-21;13:46;BTC;9332,34
2020-06-20;12:46;BTC;9288,02
2020-06-19;14:33;BTC;9411,84
2020-06-18;13:33;BTC;9480,26
2020-06-17;15:20;BTC;9538,02
2020-06-16;14:20;BTC;9450,70
2020-06-15;13:20;BTC;9386,79
2020-06-14;15:06;BTC;9475,28
2020-06-13;14:06;BTC;9480,84
2020-06-12;13:06;BTC;9321,78
2020-06-11;14:53;BTC;9870,09
2020-06-10;13:53;BTC;9795,70
2020-06-09;12:53;BTC;9771,49
2020-06-08;14:40;BTC;9758,85
2020-06-07;13:40;BTC;9653,68
2020-06-06;12:40;BTC;9665,53
2020-06-05;14:26;BTC;9800,64
2020-06-04;13:26;BTC;9656,72
2020-06-03;15:13;BTC;9529,80
2020-06-02;14:13;BTC;10167,27
2020-06-01;13:13;BTC;9461,06
2020-05-31;15:00;BTC;9700,41
2020-05-30;14:00;BTC;9439,12
2020-05-29;13:00;BTC;9525,75
2020-05-28;14:46;BTC;9181,02
2020-05-27;13:46;BTC;8835,05
2020-05-26;12:46;BTC;8906,93
2020-05-25;14:33;BTC;8790,37
2020-05-24;13:33;BTC;9209,29
2020-05-23;15:20;BTC;9182,58
2020-05-22;14:20;BTC;9081,76
2020-05-21;13:20;BTC;9522,98
2020-05-20;15:06;BTC;9729,04
2020-05-19;14:06;BTC;9726,57
2020-05-18;13:06;BTC;9670,74
2020-05-17;14:53;BTC;9377,01
2020-05-16;13:53;BTC;9328,20
2020-05-15;12:53;BTC;9733,72
2020-05-14;14:40;BTC;9269,99
2020-05-13;13:40;BTC;8804,48
2020-05-12;12:40;BTC;8601,80
2020-05-11;14:26;BTC;8756,43
2020-05-10;13:26;BTC;9593,90
2020-05-09;15:13;BTC;9842,67
2020-05-08;14:13;BTC;9951,52
2020-05-07;13:13;BTC;9268,76
2020-05-06;15:00;BTC;9003,07
2020-05-05;14:00;BTC;8912,65
2020-05-04;13:00;BTC;8897,47
2020-05-03;14:46;BTC;8988,60
2020-05-02;13:46;BTC;8864,77
2020-05-01;12:46;BTC;8658,55
2020-04-30;14:33;BTC;8801,04
2020-04-29;13:33;BTC;7807,06
2020-04-28;15:20;BTC;7795,60
2020-04-27;14:20;BTC;7679,87
2020-04-26;13:20;BTC;7569,94
2020-04-25;15:06;BTC;7550,90
2020-04-24;14:06;BTC;7429,72
2020-04-23;13:06;BTC;7117,21
2020-04-22;14:53;BTC;6880,32
2020-04-21;13:53;BTC;6881,96
2020-04-20;12:53;BTC;7189,42
2020-04-19;14:40;BTC;7257,66
2020-04-18;13:40;BTC;7096,18
2020-04-17;12:40;BTC;7116,80
2020-04-16;14:26;BTC;6642,11
2020-04-15;13:26;BTC;6842,43
2020-04-14;15:13;BTC;6845,04
2020-04-13;14:13;BTC;6971,09
2020-04-12;13:13;BTC;6859,08
2020-04-11;15:00;BTC;6865,49
2020-04-10;14:00;BTC;7302,09
2020-04-09;13:00;BTC;7334,10
2020-04-08;14:46;BTC;7176,41
2020-04-07;13:46;BTC;7271,78
2020-04-06;12:46;BTC;6791,13
2020-04-05;14:33;BTC;6867,53
2020-04-04;13:33;BTC;6733,39
2020-04-03;15:20;BTC;6793,62
2020-04-02;14:20;BTC;6606,78
2020-04-01;13:20;BTC;6438,64
2020-03-31;15:06;BTC;6429,84
2020-03-30;14:06;BTC;5922,04
2020-03-29;13:06;BTC;6242,19
2020-03-28;13:53;BTC;6469,80
2020-03-27;12:53;BTC;6716,44
2020-03-26;11:53;BTC;6681,06
2020-03-25;13:40;BTC;6734,80
2020-03-24;12:40;BTC;6416,31
2020-03-23;11:40;BTC;5830,25
2020-03-22;13:26;BTC;6185,07
2020-03-21;12:26;BTC;6198,78
2020-03-20;14:13;BTC;6191,19
2020-03-19;13:13;BTC;5238,44
2020-03-18;12:13;BTC;5225,63
2020-03-17;14:00;BTC;5014,48
2020-03-16;13:00;BTC;5392,31
2020-03-15;12:00;BTC;5200,37
2020-03-14;13:46;BTC;5563,71
2020-03-13;12:46;BTC;4970,79
2020-03-12;11:46;BTC;7911,43
2020-03-11;13:33;BTC;7909,73
2020-03-10;12:33;BTC;7923,64
2020-03-09;14:20;BTC;8108,12
2020-03-08;13:20;BTC;8909,95
2020-03-07;12:20;BTC;9122,55
2020-03-06;14:06;BTC;9078,76
2020-03-05;13:06;BTC;8755,25
2020-03-04;12:06;BTC;8787,79
2020-03-03;13:53;BTC;8869,67
2020-03-02;12:53;BTC;8562,45
2020-03-01;11:53;BTC;8599,51
2020-02-29;13:40;BTC;8672,46
2020-02-28;12:40;BTC;8784,49
2020-02-27;11:40;BTC;8820,52
2020-02-26;13:26;BTC;9341,71
2020-02-25;12:26;BTC;9650,17
2020-02-24;14:13;BTC;9924,52
2020-02-23;13:13;BTC;9663,18
2020-02-22;12:13;BTC;9686,44
2020-02-21;14:00;BTC;9608,48
2020-02-20;13:00;BTC;9633,39
2020-02-19;12:00;BTC;10142,00
2020-02-18;13:46;BTC;9690,14
2020-02-17;12:46;BTC;9934,43
2020-02-16;11:46;BTC;9889,42
2020-02-15;13:33;BTC;10312,12
2020-02-14;12:33;BTC;10214,38
2020-02-13;14:20;BTC;10326,05
2020-02-12;13:20;BTC;10208,24
2020-02-11;12:20;BTC;9856,61
2020-02-10;14:06;BTC;10116,67
2020-02-09;13:06;BTC;9865,12
2020-02-08;12:06;BTC;9795,94
2020-02-07;13:53;BTC;9729,80
2020-02-06;12:53;BTC;9613,42
2020-02-05;11:53;BTC;9180,96
2020-02-04;13:40;BTC;9293,52
2020-02-03;12:40;BTC;9344,37
2020-02-02;11:40;BTC;9392,88
2020-02-01;13:26;BTC;9350,53
2020-01-31;12:26;BTC;9508,99
2020-01-30;14:13;BTC;9316,63
2020-01-29;13:13;BTC;9358,59
2020-01-28;12:13;BTC;8909,82
2020-01-27;14:00;BTC;8596,83
2020-01-26;13:00;BTC;8367,85
2020-01-25;12:00;BTC;8445,43
2020-01-24;13:46;BTC;8406,52
2020-01-23;12:46;BTC;8680,88
2020-01-22;11:46;BTC;8745,89
2020-01-21;13:33;BTC;8657,64
2020-01-20;12:33;BTC;8706,25
2020-01-19;14:20;BTC;8942,81
2020-01-18;13:20;BTC;8929,04
2020-01-17;12:20;BTC;8723,79
2020-01-16;14:06;BTC;8807,01
2020-01-15;13:06;BTC;8827,76
2020-01-14;12:06;BTC;8144,19
2020-01-13;13:53;BTC;8192,49
2020-01-12;12:53;BTC;8037,54
2020-01-11;11:53;BTC;8166,55
2020-01-10;13:40;BTC;7879,07
2020-01-09;12:40;BTC;8079,86
2020-01-08;11:40;BTC;8163,69
2020-01-07;13:26;BTC;7769,22
2020-01-06;12:26;BTC;7411,32
2020-01-05;14:13;BTC;7410,66
2020-01-04;13:13;BTC;7344,88
2020-01-03;12:13;BTC;6985,47
2020-01-02;14:00;BTC;7200,17
2020-01-01;13:00;BTC;7193,60
2019-12-31;12:00;BTC;7293,00
2019-12-30;13:46;BTC;7422,65
2019-12-29;12:46;BTC;7317,99
2019-12-28;11:46;BTC;7290,09
2019-12-27;13:33;BTC;7238,97
2019-12-26;12:33;BTC;7275,16
2019-12-25;14:20;BTC;7322,53
2019-12-24;13:20;BTC;7355,63
2019-12-23;12:20;BTC;7511,59
2019-12-22;14:06;BTC;7191,16
2019-12-21;13:06;BTC;7218,82
2019-12-20;12:06;BTC;7202,84
2019-12-19;13:53;BTC;7276,80
2019-12-18;12:53;BTC;6640,52
2019-12-17;11:53;BTC;6932,48
2019-12-16;13:40;BTC;7152,30
2019-12-15;12:40;BTC;7124,67
2019-12-14;11:40;BTC;7269,68
2019-12-13;13:26;BTC;7243,13
2019-12-12;12:26;BTC;7217,43
2019-12-11;14:13;BTC;7278,12
2019-12-10;13:13;BTC;7400,90
2019-12-09;12:13;BTC;7564,35
2019-12-08;14:00;BTC;7556,24
2019-12-07;13:00;BTC;7547,00
2019-12-06;12:00;BTC;7448,31
2019-12-05;13:46;BTC;7252,03
2019-12-04;12:46;BTC;7320,15
2019-12-03;11:46;BTC;7321,99
2019-12-02;13:33;BTC;7424,29
2019-12-01;12:33;BTC;7569,63
2019-11-30;14:20;BTC;7761,24
2019-11-29;13:20;BTC;7463,11
2019-11-28;12:20;BTC;7531,66
2019-11-27;14:06;BTC;7218,37
2019-11-26;13:06;BTC;7146,13
2019-11-25;12:06;BTC;7047,92
2019-11-24;13:53;BTC;7397,80
2019-11-23;12:53;BTC;7296,58
2019-11-22;11:53;BTC;7642,75
2019-11-21;13:40;BTC;8027,27
2019-11-20;12:40;BTC;8206,15
2019-11-19;11:40;BTC;8309,29
2019-11-18;13:26;BTC;8577,98
2019-11-17;12:26;BTC;8550,76
2019-11-16;14:13;BTC;8491,99
2019-11-15;13:13;BTC;8708,10
2019-11-14;12:13;BTC;8808,26
2019-11-13;14:00;BTC;8815,66
2019-11-12;13:00;BTC;8757,79
2019-11-11;12:00;BTC;9055,53
2019-11-10;13:46;BTC;8813,58
2019-11-09;12:46;BTC;8804,88
2019-11-08;11:46;BTC;9267,56
2019-11-07;13:33;BTC;9360,88
2019-11-06;12:33;BTC;9342,53
2019-11-05;14:20;BTC;9412,61
2019-11-04;13:20;BTC;9235,35
2019-11-03;12:20;BTC;9324,72
2019-11-02;14:06;BTC;9261,10
2019-11-01;13:06;BTC;9199,58
2019-10-31;12:06;BTC;9205,73
2019-10-30;13:53;BTC;9427,69
2019-10-29;12:53;BTC;9256,15
2019-10-28;11:53;BTC;9551,71
2019-10-27;13:40;BTC;9244,97
2019-10-26;13:40;BTC;8660,70
2019-10-25;12:40;BTC;7493,49
2019-10-24;14:26;BTC;7514,67
2019-10-23;13:26;BTC;8078,20
2019-10-22;15:13;BTC;8243,72
2019-10-21;14:13;BTC;8222,08
2019-10-20;13:13;BTC;7988,56
2019-10-19;15:00;BTC;7973,21
2019-10-18;14:00;BTC;8103,91
2019-10-17;13:00;BTC;8047,53
2019-10-16;14:46;BTC;8205,37
2019-10-15;13:46;BTC;8374,69
2019-10-14;12:46;BTC;8321,01
2019-10-13;14:33;BTC;8336,56
2019-10-12;13:33;BTC;8321,76
2019-10-11;15:20;BTC;8586,47
2019-10-10;14:20;BTC;8595,74
2019-10-09;13:20;BTC;8228,78
2019-10-08;15:06;BTC;8245,62
2019-10-07;14:06;BTC;7988,16
2019-10-06;13:06;BTC;8151,50
2019-10-05;14:53;BTC;8205,94
2019-10-04;13:53;BTC;8259,99
2019-10-03;12:53;BTC;8393,04
2019-10-02;14:40;BTC;8343,28
2019-10-01;13:40;BTC;8293,87
2019-09-30;12:40;BTC;8104,19
2019-09-29;14:26;BTC;8245,92
2019-09-28;13:26;BTC;8251,85
2019-09-27;15:13;BTC;8118,97
2019-09-26;14:13;BTC;8486,99
2019-09-25;13:13;BTC;8620,57
2019-09-24;15:00;BTC;9729,32
2019-09-23;14:00;BTC;10070,39
2019-09-22;13:00;BTC;10019,72
2019-09-21;14:46;BTC;10181,64
2019-09-20;13:46;BTC;10266,41
2019-09-19;12:46;BTC;10198,25
2019-09-18;14:33;BTC;10241,27
2019-09-17;13:33;BTC;10276,79
2019-09-16;15:20;BTC;10347,71
2019-09-15;14:20;BTC;10358,05
2019-09-14;13:20;BTC;10360,55
2019-09-13;15:06;BTC;10410,13
2019-09-12;14:06;BTC;10178,37
2019-09-11;13:06;BTC;10115,98
2019-09-10;14:53;BTC;10334,97
2019-09-09;13:53;BTC;10441,28
2019-09-08;12:53;BTC;10517,25
2019-09-07;14:40;BTC;10353,30
2019-09-06;13:40;BTC;10575,53
2019-09-05;12:40;BTC;10594,49
2019-09-04;14:26;BTC;10623,54
2019-09-03;13:26;BTC;10346,76
2019-09-02;15:13;BTC;9757,97
2019-09-01;14:13;BTC;9630,66
2019-08-31;13:13;BTC;9598,17
2019-08-30;15:00;BTC;9510,20
2019-08-29;14:00;BTC;9754,42
2019-08-28;13:00;BTC;10185,50
2019-08-27;14:46;BTC;10370,82
2019-08-26;13:46;BTC;10138,52
2019-08-25;12:46;BTC;10159,96
2019-08-24;14:33;BTC;10407,97
2019-08-23;13:33;BTC;10131,06
2019-08-22;15:20;BTC;10138,05
2019-08-21;14:20;BTC;10763,23
2019-08-20;13:20;BTC;10916,05
2019-08-19;15:06;BTC;10345,81
2019-08-18;14:06;BTC;10231,74
2019-08-17;13:06;BTC;10374,34
2019-08-16;14:53;BTC;10311,55
2019-08-15;13:53;BTC;10051,70
2019-08-14;12:53;BTC;10895,83
2019-08-13;14:40;BTC;11382,62
2019-08-12;13:40;BTC;11523,58
2019-08-11;12:40;BTC;11354,02
2019-08-10;14:26;BTC;11862,94
2019-08-09;13:26;BTC;11966,41
2019-08-08;15:13;BTC;11941,97
2019-08-07;14:13;BTC;11478,17
2019-08-06;13:13;BTC;11805,65
2019-08-05;15:00;BTC;10970,18
2019-08-04;14:00;BTC;10821,73
2019-08-03;13:00;BTC;10518,17
2019-08-02;14:46;BTC;10399,67
2019-08-01;13:46;BTC;10085,63
2019-07-31;12:46;BTC;9607,42
2019-07-30;14:33;BTC;9519,15
2019-07-29;13:33;BTC;9552,86
2019-07-28;15:20;BTC;9477,68
2019-07-27;14:20;BTC;9870,30
2019-07-26;13:20;BTC;9911,84
2019-07-25;15:06;BTC;9811,93
2019-07-24;14:06;BTC;9900,77
2019-07-23;13:06;BTC;10343,11
2019-07-22;14:53;BTC;10599,11
2019-07-21;13:53;BTC;10767,14
2019-07-20;12:53;BTC;10530,73
2019-07-19;14:40;BTC;10666,48
2019-07-18;13:40;BTC;9693,80
2019-07-17;12:40;BTC;9477,64
2019-07-16;14:26;BTC;10895,09
2019-07-15;13:26;BTC;10256,06
2019-07-14;15:13;BTC;11392,38
2019-07-13;14:13;BTC;11815,99
2019-07-12;13:13;BTC;11358,66
2019-07-11;15:00;BTC;12156,51
2019-07-10;14:00;BTC;12573,81
2019-07-09;13:00;BTC;12285,96
2019-07-08;14:46;BTC;11450,85
2019-07-07;13:46;BTC;11208,55
2019-07-06;12:46;BTC;10978,46
2019-07-05;14:33;BTC;11215,44
2019-07-04;13:33;BTC;11961,27
2019-07-03;15:20;BTC;10801,68
2019-07-02;14:20;BTC;10583,13
2019-07-01;13:20;BTC;10817,16
2019-06-30;15:06;BTC;11959,37
2019-06-29;14:06;BTC;12407,33
2019-06-28;13:06;BTC;11182,81
2019-06-27;14:53;BTC;13016,23
2019-06-26;13:53;BTC;11790,92
2019-06-25;12:53;BTC;11011,10
2019-06-24;14:40;BTC;10855,37
2019-06-23;13:40;BTC;10701,69
2019-06-22;12:40;BTC;10144,56
2019-06-21;14:26;BTC;9527,16
2019-06-20;13:26;BTC;9273,52
2019-06-19;15:13;BTC;9081,76
2019-06-18;14:13;BTC;9320,35
2019-06-17;13:13;BTC;8994,49
2019-06-16;15:00;BTC;8838,38
2019-06-15;14:00;BTC;8693,83
2019-06-14;13:00;BTC;8230,92
2019-06-13;14:46;BTC;8145,86
2019-06-12;13:46;BTC;7927,71
2019-06-11;12:46;BTC;8000,33
2019-06-10;14:33;BTC;7688,08
2019-06-09;13:33;BTC;7954,13
2019-06-08;15:20;BTC;8043,95
2019-06-07;14:20;BTC;7822,02
2019-06-06;13:20;BTC;7824,23
2019-06-05;15:06;BTC;7707,77
2019-06-04;14:06;BTC;8208,99
2019-06-03;13:06;BTC;8742,96
2019-06-02;14:53;BTC;8564,02
2019-06-01;13:53;BTC;8574,50
2019-05-31;12:53;BTC;8319,47
2019-05-30;14:40;BTC;8659,49
2019-05-29;13:40;BTC;8719,96
2019-05-28;12:40;BTC;8805,78
2019-05-27;14:26;BTC;8673,22
2019-05-26;13:26;BTC;8052,54
2019-05-25;15:13;BTC;7987,37
2019-05-24;14:13;BTC;7881,85
2019-05-23;13:13;BTC;7680,07
2019-05-22;15:00;BTC;7963,33
2019-05-21;14:00;BTC;7978,31
2019-05-20;13:00;BTC;8197,69
2019-05-19;14:46;BTC;7271,21
2019-05-18;13:46;BTC;7343,90
2019-05-17;12:46;BTC;7884,91
2019-05-16;14:33;BTC;8205,17
2019-05-15;13:33;BTC;7994,42
2019-05-14;15:20;BTC;7814,92
2019-05-13;14:20;BTC;6972,37
2019-05-12;13:20;BTC;7204,77
2019-05-11;15:06;BTC;6378,85
2019-05-10;14:06;BTC;6174,53
2019-05-09;13:06;BTC;5982,46
2019-05-08;14:53;BTC;5829,50
2019-05-07;13:53;BTC;5746,81
2019-05-06;12:53;BTC;5795,71
2019-05-05;14:40;BTC;5831,17
2019-05-04;13:40;BTC;5768,29
2019-05-03;12:40;BTC;5505,28
2019-05-02;14:26;BTC;5402,70
2019-05-01;13:26;BTC;5350,73
2019-04-30;15:13;BTC;5247,35
2019-04-29;14:13;BTC;5285,14
2019-04-28;13:13;BTC;5268,29
2019-04-27;15:00;BTC;5279,35
2019-04-26;14:00;BTC;5210,52
2019-04-25;13:00;BTC;5464,87
2019-04-24;14:46;BTC;5572,36
2019-04-23;13:46;BTC;5399,37
2019-04-22;12:46;BTC;5314,53
2019-04-21;14:33;BTC;5337,89
2019-04-20;13:33;BTC;5303,81
2019-04-19;15:20;BTC;5298,39
2019-04-18;14:20;BTC;5251,94
2019-04-17;13:20;BTC;5235,56
2019-04-16;15:06;BTC;5067,11
2019-04-15;14:06;BTC;5167,72
2019-04-14;13:06;BTC;5096,59
2019-04-13;14:53;BTC;5089,54
2019-04-12;13:53;BTC;5064,49
2019-04-11;12:53;BTC;5324,55
2019-04-10;14:40;BTC;5204,96
2019-04-09;13:40;BTC;5289,77
2019-04-08;12:40;BTC;5198,90
2019-04-07;14:26;BTC;5059,82
2019-04-06;13:26;BTC;5036,68
2019-04-05;15:13;BTC;4922,80
2019-04-04;14:13;BTC;4973,02
2019-04-03;13:13;BTC;4879,88
2019-04-02;15:00;BTC;4158,18
2019-04-01;14:00;BTC;4105,40
2019-03-31;13:00;BTC;4106,66
2019-03-30;13:46;BTC;4098,37
2019-03-29;12:46;BTC;4069,11
2019-03-28;11:46;BTC;4087,07
2019-03-27;13:33;BTC;3985,08
2019-03-26;12:33;BTC;3963,07
2019-03-25;14:20;BTC;4022,17
2019-03-24;13:20;BTC;4035,83
2019-03-23;12:20;BTC;4023,97
2019-03-22;14:06;BTC;4029,33
2019-03-21;13:06;BTC;4087,48
2019-03-20;12:06;BTC;4071,19
2019-03-19;13:53;BTC;4032,51
2019-03-18;12:53;BTC;4025,23
2019-03-17;11:53;BTC;4048,73
2019-03-16;13:40;BTC;3960,91
2019-03-15;12:40;BTC;3924,37
2019-03-14;11:40;BTC;3906,72
2019-03-13;13:26;BTC;3909,16
2019-03-12;12:26;BTC;3905,23
2019-03-11;14:13;BTC;3951,60
2019-03-10;13:13;BTC;3963,31
2019-03-09;12:13;BTC;3901,13
2019-03-08;14:00;BTC;3911,48
2019-03-07;13:00;BTC;3903,94
2019-03-06;12:00;BTC;3896,38
2019-03-05;13:46;BTC;3761,56
2019-03-04;12:46;BTC;3847,18
2019-03-03;11:46;BTC;3864,42
2019-03-02;13:33;BTC;3859,58
2019-03-01;12:33;BTC;3854,79
2019-02-28;14:20;BTC;3851,05
2019-02-27;13:20;BTC;3854,36
2019-02-26;12:20;BTC;3882,70
2019-02-25;14:06;BTC;3810,43
2019-02-24;13:06;BTC;4142,53
2019-02-23;12:06;BTC;4005,53
2019-02-22;13:53;BTC;3954,12
2019-02-21;12:53;BTC;3999,82
2019-02-20;11:53;BTC;3947,09
2019-02-19;13:40;BTC;3915,71
2019-02-18;12:40;BTC;3673,84
2019-02-17;11:40;BTC;3629,79
2019-02-16;13:26;BTC;3620,81
2019-02-15;12:26;BTC;3616,88
2019-02-14;14:13;BTC;3632,07
2019-02-13;13:13;BTC;3653,53
2019-02-12;12:13;BTC;3648,43
2019-02-11;14:00;BTC;3690,19
2019-02-10;13:00;BTC;3671,20
2019-02-09;12:00;BTC;3666,78
2019-02-08;13:46;BTC;3399,47
2019-02-07;12:46;BTC;3413,77
2019-02-06;11:46;BTC;3466,36
2019-02-05;13:33;BTC;3459,15
2019-02-04;12:33;BTC;3464,01
2019-02-03;14:20;BTC;3521,06
2019-02-02;13:20;BTC;3487,95
2019-02-01;12:20;BTC;3457,79
2019-01-31;14:06;BTC;3486,18
2019-01-30;13:06;BTC;3448,12
2019-01-29;12:06;BTC;3470,45
2019-01-28;13:53;BTC;3583,97
2019-01-27;12:53;BTC;3602,46
2019-01-26;11:53;BTC;3599,77
2019-01-25;13:40;BTC;3600,87
2019-01-24;12:40;BTC;3585,12
2019-01-23;11:40;BTC;3604,58
2019-01-22;13:26;BTC;3576,03
2019-01-21;12:26;BTC;3601,01
2019-01-20;14:13;BTC;3728,57
2019-01-19;13:13;BTC;3657,84
2019-01-18;12:13;BTC;3678,56
2019-01-17;14:00;BTC;3655,01
2019-01-16;13:00;BTC;3630,68
2019-01-15;12:00;BTC;3706,05
2019-01-14;13:46;BTC;3552,95
2019-01-13;12:46;BTC;3661,30
2019-01-12;11:46;BTC;3687,37
2019-01-11;13:33;BTC;3678,92
2019-01-10;12:33;BTC;4035,30
2019-01-09;14:20;BTC;4030,85
2019-01-08;13:20;BTC;4025,25
2019-01-07;12:20;BTC;4076,63
2019-01-06;14:06;BTC;3845,19
2019-01-05;13:06;BTC;3857,72
2019-01-04;12:06;BTC;3836,74
2019-01-03;13:53;BTC;3943,41
2019-01-02;12:53;BTC;3843,52
2019-01-01;11:53;BTC;3742,70
2018-12-31;13:40;BTC;3865,95
2018-12-30;12:40;BTC;3820,41
2018-12-29;11:40;BTC;3923,92
2018-12-28;13:26;BTC;3654,83
2018-12-27;12:26;BTC;3857,30
2018-12-26;14:13;BTC;3815,49
2018-12-25;13:13;BTC;4078,60
2018-12-24;12:13;BTC;3998,98
2018-12-23;14:00;BTC;4014,18
2018-12-22;13:00;BTC;3896,54
2018-12-21;12:00;BTC;4134,44
2018-12-20;13:46;BTC;3745,95
2018-12-19;12:46;BTC;3696,06
2018-12-18;11:46;BTC;3545,86
2018-12-17;13:33;BTC;3252,84
2018-12-16;12:33;BTC;3236,76
2018-12-15;14:20;BTC;3242,48
2018-12-14;13:20;BTC;3313,68
2018-12-13;12:20;BTC;3486,95
2018-12-12;14:06;BTC;3424,59
2018-12-11;13:06;BTC;3502,66
2018-12-10;12:06;BTC;3614,23
2018-12-09;13:53;BTC;3476,11
2018-12-08;12:53;BTC;3419,94
2018-12-07;11:53;BTC;3521,10
2018-12-06;13:40;BTC;3753,99
2018-12-05;12:40;BTC;3956,89
2018-12-04;11:40;BTC;3894,13
2018-12-03;13:26;BTC;4139,88
2018-12-02;12:26;BTC;4214,67
2018-12-01;14:13;BTC;4017,27
2018-11-30;13:13;BTC;4278,85
2018-11-29;12:13;BTC;4257,42
2018-11-28;14:00;BTC;3820,72
2018-11-27;13:00;BTC;3779,13
2018-11-26;12:00;BTC;4009,97
2018-11-25;13:46;BTC;3880,76
2018-11-24;12:46;BTC;4347,11
2018-11-23;11:46;BTC;4365,94
2018-11-22;13:33;BTC;4602,17
2018-11-21;12:33;BTC;4451,87
2018-11-20;14:20;BTC;4871,49
2018-11-19;13:20;BTC;5623,54
2018-11-18;12:20;BTC;5554,33
2018-11-17;14:06;BTC;5575,55
2018-11-16;13:06;BTC;5648,03
2018-11-15;12:06;BTC;5738,35
2018-11-14;13:53;BTC;6359,49
2018-11-13;12:53;BTC;6371,27
2018-11-12;11:53;BTC;6411,27
2018-11-11;13:40;BTC;6409,22
2018-11-10;12:40;BTC;6385,62
2018-11-09;11:40;BTC;6453,72
2018-11-08;13:26;BTC;6530,14
2018-11-07;12:26;BTC;6461,01
2018-11-06;14:13;BTC;6419,66
2018-11-05;13:13;BTC;6376,13
2018-11-04;12:13;BTC;6361,26
2018-11-03;14:00;BTC;6388,44
2018-11-02;13:00;BTC;6377,78
2018-11-01;12:00;BTC;6317,61
2018-10-31;13:46;BTC;6334,27
2018-10-30;12:46;BTC;6332,63
2018-10-29;11:46;BTC;6486,39
2018-10-28;13:33;BTC;6480,38
2018-10-27;13:33;BTC;6474,75
2018-10-26;15:20;BTC;6476,29
2018-10-25;14:20;BTC;6495,84
2018-10-24;13:20;BTC;6475,74
2018-10-23;15:06;BTC;6487,16
2018-10-22;14:06;BTC;6482,35
2018-10-21;13:06;BTC;6489,19
2018-10-20;14:53;BTC;6465,41
2018-10-19;13:53;BTC;6476,71
2018-10-18;12:53;BTC;6544,43
2018-10-17;14:40;BTC;6596,11
2018-10-16;13:40;BTC;6596,54
2018-10-15;12:40;BTC;6290,93
2018-10-14;14:26;BTC;6285,99
2018-10-13;13:26;BTC;6274,58
2018-10-12;15:13;BTC;6256,24
2018-10-11;14:13;BTC;6585,53
2018-10-10;13:13;BTC;6642,64
2018-10-09;15:00;BTC;6652,23
2018-10-08;14:00;BTC;6602,95
2018-10-07;13:00;BTC;6588,31
2018-10-06;14:46;BTC;6622,48
2018-10-05;13:46;BTC;6576,69
2018-10-04;12:46;BTC;6502,59
2018-10-03;14:33;BTC;6556,10
2018-10-02;13:33;BTC;6589,62
2018-10-01;15:20;BTC;6625,56
2018-09-30;14:20;BTC;6601,96
2018-09-29;13:20;BTC;6644,13
2018-09-28;15:06;BTC;6676,75
2018-09-27;14:06;BTC;6495,00
2018-09-26;13:06;BTC;6446,47
2018-09-25;14:53;BTC;6595,41
2018-09-24;13:53;BTC;6710,63
2018-09-23;12:53;BTC;6721,98
2018-09-22;14:40;BTC;6734,95
2018-09-21;13:40;BTC;6519,67
2018-09-20;12:40;BTC;6398,54
2018-09-19;14:26;BTC;6371,30
2018-09-18;13:26;BTC;6281,20
2018-09-17;15:13;BTC;6517,18
2018-09-16;14:13;BTC;6543,20
2018-09-15;13:13;BTC;6512,71
2018-09-14;15:00;BTC;6517,31
2018-09-13;14:00;BTC;6351,80
2018-09-12;13:00;BTC;6321,20
2018-09-11;14:46;BTC;6329,70
2018-09-10;13:46;BTC;6300,86
2018-09-09;12:46;BTC;6225,98
2018-09-08;14:33;BTC;6467,07
2018-09-07;13:33;BTC;6529,17
2018-09-06;15:20;BTC;6792,83
2018-09-05;14:20;BTC;7361,66
2018-09-04;13:20;BTC;7260,06
2018-09-03;15:06;BTC;7272,72
2018-09-02;14:06;BTC;7193,25
2018-09-01;13:06;BTC;7037,58
2018-08-31;14:53;BTC;6978,23
2018-08-30;13:53;BTC;7047,16
2018-08-29;12:53;BTC;7096,28
2018-08-28;14:40;BTC;6884,64
2018-08-27;13:40;BTC;6707,26
2018-08-26;12:40;BTC;6763,19
2018-08-25;14:26;BTC;6719,96
2018-08-24;13:26;BTC;6534,88
2018-08-23;15:13;BTC;6376,71
